A,B,Weight
Ferdinand_de_Saussure ,Jacques_Lacan ,1
Georg_Wilhelm_Friedrich_Hegel ,Jacques_Lacan ,1
Mufti_Muhammad_Shafi ,Mufti ,1
Terence_McKenna ,Robert_Anton_Wilson ,1
Aristotle ,Alexander_the_Great ,1
Emerich_de_Vattel ,Benjamin_Franklin ,1
Pierre-Joseph_Proudhon ,Benjamin_Tucker ,1
Josiah_Warren ,Benjamin_Tucker ,1
Max_Stirner ,Benjamin_Tucker ,1
Mary_Baker_Eddy ,Christianity ,1
George_Boole ,Claude_Shannon ,1
Joseph_de_Maistre ,Charles_Baudelaire ,1
Emanuel_Swedenborg ,Charles_Baudelaire ,1
Boethius ,Dante_Alighieri ,1
Otto_Weininger ,Elias_Canetti ,1
Giovanni_Pico_della_Mirandola ,Desiderius_Erasmus ,1
John_Colet ,Desiderius_Erasmus ,1
Georg_Wilhelm_Friedrich_Hegel ,Friedrich_Nietzsche ,1
Plato ,Friedrich_Nietzsche ,1
African_Spir ,Friedrich_Nietzsche ,1
Jean-Jacques_Rousseau ,Friedrich_Nietzsche ,1
Michel_de_Montaigne ,Friedrich_Nietzsche ,1
Arthur_Schopenhauer ,Friedrich_Nietzsche ,1
Empedocles ,Friedrich_Nietzsche ,1
Heraclitus ,Friedrich_Nietzsche ,1
Parmenides ,Friedrich_Nietzsche ,1
Protagoras ,Friedrich_Nietzsche ,1
Friedrich_Albert_Lange ,Friedrich_Nietzsche ,1
Baruch_Spinoza ,Friedrich_Nietzsche ,1
Epicurus ,Friedrich_Nietzsche ,1
Gottfried_Leibniz ,Friedrich_Nietzsche ,1
Immanuel_Kant ,Friedrich_Nietzsche ,1
Niccol%C3%B2_Machiavelli ,Friedrich_Nietzsche ,1
Max_Stirner ,Friedrich_Nietzsche ,1
George_Gurdjieff ,Frank_Lloyd_Wright ,1
Ahmad_Sirhindi ,Fiqh ,1
Shah_Waliullah ,Fiqh ,1
Abdulhakim_Arvasi ,Fiqh ,1
Georg_Wilhelm_Friedrich_Hegel ,Francis_Fukuyama ,1
Leo_Strauss ,Francis_Fukuyama ,1
Allan_Bloom ,Francis_Fukuyama ,1
Joseph_de_Maistre ,Francisco_Franco ,1
John_Locke ,George_Berkeley ,1
Nicolas_Malebranche ,George_Berkeley ,1
Friedrich_Wilhelm_Joseph_Schelling ,Georg_Wilhelm_Friedrich_Hegel ,1
Johannes_Scotus_Eriugena ,Georg_Wilhelm_Friedrich_Hegel ,1
Johann_Gottlieb_Fichte ,Georg_Wilhelm_Friedrich_Hegel ,1
Jean-Jacques_Rousseau ,Georg_Wilhelm_Friedrich_Hegel ,1
Nicholas_of_Cusa ,Georg_Wilhelm_Friedrich_Hegel ,1
Heraclitus ,Georg_Wilhelm_Friedrich_Hegel ,1
Friedrich_Heinrich_Jacobi ,Georg_Wilhelm_Friedrich_Hegel ,1
Johann_Gottfried_Herder ,Georg_Wilhelm_Friedrich_Hegel ,1
Jakob_B%C3%B6hme ,Georg_Wilhelm_Friedrich_Hegel ,1
Baruch_Spinoza ,Georg_Wilhelm_Friedrich_Hegel ,1
Immanuel_Kant ,Georg_Wilhelm_Friedrich_Hegel ,1
Montesquieu ,Georg_Wilhelm_Friedrich_Hegel ,1
Sextus_Empiricus ,Georg_Wilhelm_Friedrich_Hegel ,1
Anselm_of_Canterbury____1 ,Georg_Wilhelm_Friedrich_Hegel ,1
Rousas_John_Rushdoony ,Gary_North_%28Christian_Reconstructionist%29 ,1
Nicholas_of_Cusa ,Giordano_Bruno ,1
Johannes_Scotus_Eriugena ,Hildegard_of_Bingen ,1
Nicholas_of_Cusa ,Johannes_Kepler ,1
Pythagoras ,Johannes_Kepler ,1
George_Berkeley ,Jorge_Luis_Borges ,1
Arthur_Schopenhauer ,Jorge_Luis_Borges ,1
S%C3%B8ren_Kierkegaard ,Jorge_Luis_Borges ,1
Friedrich_Nietzsche ,Jean-Paul_Sartre ,1
Georg_Wilhelm_Friedrich_Hegel ,Jean-Paul_Sartre ,1
Albert_Camus ,Jean-Paul_Sartre ,1
Edmund_Husserl ,Jean-Paul_Sartre ,1
Alexander_Herzen ,Jean-Paul_Sartre ,1
Arthur_Schopenhauer ,Jean-Paul_Sartre ,1
Karl_Marx ,Jean-Paul_Sartre ,1
S%C3%B8ren_Kierkegaard ,Jean-Paul_Sartre ,1
Immanuel_Kant ,Jean-Paul_Sartre ,1
Friedrich_Engels ,Jean-Paul_Sartre ,1
Simone_de_Beauvoir ,Jean-Paul_Sartre ,1
Karl_Jaspers ,Jean-Paul_Sartre ,1
Posidonius ,Livy ,1
Karl_Jaspers ,Lacan ,1
Georg_Wilhelm_Friedrich_Hegel ,Max_Horkheimer ,1
Arthur_Schopenhauer ,Max_Horkheimer ,1
Proclus ,Marsilio_Ficino ,1
Epictetus ,Marcus_Aurelius ,1
Zeno_of_Citium ,Marcus_Aurelius ,1
Zeno_of_Elea ,Plato ,1
Heraclitus ,Plato ,1
Pythagoras ,Plato ,1
Parmenides ,Plato ,1
Protagoras ,Plato ,1
Socrates ,Plato ,1
Simone_Weil ,Pope_Paul_VI ,1
Albert_Camus ,Paul_Auster ,1
S%C3%B8ren_Kierkegaard ,Rainer_Maria_Rilke ,1
George_Berkeley ,Thomas_Reid ,1
Joseph_Butler____1 ,Thomas_Reid ,1
David_Hume ,Thomas_Henry_Huxley ,1
Arthur_Schopenhauer ,Thomas_Mann ,1
Max_Stirner ,Thomas_Mann ,1
F._H._Bradley ,T._S._Eliot ,1
Desiderius_Erasmus ,Thomas_More ,1
Giovanni_Pico_della_Mirandola ,Thomas_More ,1
Terence_McKenna ,Timothy_Leary ,1
Marshall_McLuhan ,Timothy_Leary ,1
Montesquieu ,United_States_Constitution ,1
Jean-Paul_Sartre ,William_S._Burroughs ,1
Edmund_Husserl ,Milan_Kundera ,1
Thomas_Kuhn ,Philosophy_of_science ,1
Friedrich_Nietzsche ,Martin_Heidegger ,1
Georg_Wilhelm_Friedrich_Hegel ,Martin_Heidegger ,1
Plato ,Martin_Heidegger ,1
Friedrich_Wilhelm_Joseph_Schelling ,Martin_Heidegger ,1
Duns_Scotus ,Martin_Heidegger ,1
Edmund_Husserl ,Martin_Heidegger ,1
Franz_Brentano ,Martin_Heidegger ,1
Meister_Eckhart ,Martin_Heidegger ,1
Heraclitus ,Martin_Heidegger ,1
Parmenides ,Martin_Heidegger ,1
S%C3%B8ren_Kierkegaard ,Martin_Heidegger ,1
Friedrich_Heinrich_Jacobi ,Martin_Heidegger ,1
Gottfried_Leibniz ,Martin_Heidegger ,1
Immanuel_Kant ,Martin_Heidegger ,1
Karl_Jaspers ,Martin_Heidegger ,1
Wilhelm_Dilthey ,Martin_Heidegger ,1
Giovanni_Gentile ,Martin_Heidegger ,1
Emil_Lask ,Martin_Heidegger ,1
Lucretius ,Ovid ,1
Karl_Marx ,Fidel_Castro ,1
Pseudo-Dionysius_the_Areopagite ,Scholasticism ,1
Porphyry_%28philosopher%29 ,Scholasticism ,1
Albertus_Magnus____1 ,Scholasticism ,1
Lev_Shestov ,D._H._Lawrence ,1
Confucius ,Physiocracy ,1
Arthur_Schopenhauer ,Swami_Vivekananda ,1
Confucius ,Fran%C3%A7ois_Quesnay ,1
Hermann_Lotze ,Gottlob_Frege ,1
Friedrich_Adolf_Trendelenburg ,Gottlob_Frege ,1
Michel_de_Montaigne ,Jos%C3%A9_Saramago ,1
Herbert_Marcuse ,Angela_Davis ,1
S%C3%B8ren_Kierkegaard ,Irvine_Welsh ,1
Hugo_Grotius ,Pierre-Joseph_Proudhon ,1
Pierre-Joseph_Proudhon ,Peter_Kropotkin ,1
Karl_Marx ,Peter_Kropotkin ,1
Henri_Bergson ,Nikos_Kazantzakis ,1
Friedrich_Nietzsche ,Jacques_Derrida ,1
Ferdinand_de_Saussure ,Jacques_Derrida ,1
Georg_Wilhelm_Friedrich_Hegel ,Jacques_Derrida ,1
Paul_Ric%C5%93ur ,Jacques_Derrida ,1
Edmund_Husserl ,Jacques_Derrida ,1
Jean-Jacques_Rousseau ,Jacques_Derrida ,1
S%C3%B8ren_Kierkegaard ,Jacques_Derrida ,1
Kostas_Axelos ,Jacques_Derrida ,1
Alexandre_Koj%C3%A8ve ,Raymond_Queneau ,1
Jean-Jacques_Rousseau ,Sim%C3%B3n_Bol%C3%ADvar ,1
Benedetto_Croce ,Antonio_Gramsci ,1
Antonio_Labriola ,Antonio_Gramsci ,1
Karl_Marx ,Antonio_Gramsci ,1
Niccol%C3%B2_Machiavelli ,Antonio_Gramsci ,1
Georges_Sorel ,Antonio_Gramsci ,1
Albert_Camus ,Charles_Bukowski ,1
Jean-Paul_Sartre ,Iris_Murdoch ,1
Simone_Weil ,Iris_Murdoch ,1
Karl_Marx ,Ho_Chi_Minh ,1
Baruch_Spinoza ,David_Ben-Gurion ,1
Jacques_Lacan ,Louis_Althusser ,1
Ferdinand_de_Saussure ,Louis_Althusser ,1
Antonio_Gramsci ,Louis_Althusser ,1
Baruch_Spinoza ,Louis_Althusser ,1
Niccol%C3%B2_Machiavelli ,Louis_Althusser ,1
Gaston_Bachelard ,Louis_Althusser ,1
Edmund_Husserl ,Francisco_Varela ,1
Josiah_Warren ,Lysander_Spooner ,1
Edmund_Husserl ,Emmanuel_Levinas ,1
Martin_Buber ,Emmanuel_Levinas ,1
Gabriel_Marcel ,Emmanuel_Levinas ,1
Baruch_Spinoza ,Emmanuel_Levinas ,1
George_Boole ,Augustus_De_Morgan ,1
Karl_Korsch ,Bertolt_Brecht ,1
Stanley_Cavell ,Charles_Bernstein ,1
Parmenides ,Zeno_of_Elea ,1
Confucius ,Eastern_philosophy ,1
Nicholas_of_Cusa ,Giovanni_Pico_della_Mirandola ,1
Murray_Rothbard ,Jan_Narveson ,1
Gottlob_Frege ,Analytic_philosophy ,1
Rudolf_Carnap ,Analytic_philosophy ,1
Muhammad_Iqbal ,Indian_independence_movement ,1
Kazi_Nazrul_Islam ,Indian_independence_movement ,1
Khwaja_Shamsuddin_Azimi ,Islamic_philosophy ,1
Ahmad_Sirhindi ,Islamic_philosophy ,1
Aristotle ,Islamic_philosophy ,1
Shah_Waliullah ,Islamic_philosophy ,1
Abdulhakim_Arvasi ,Islamic_philosophy ,1
Mulla_Sadra ,Islamic_philosophy ,1
Cesare_Cremonini_%28philosopher%29 ,Gabriel_Naud%C3%A9 ,1
Kenneth_Waltz ,Stephen_Walt ,1
S%C3%B8ren_Kierkegaard ,Miguel_de_Unamuno ,1
Karl_Marx ,Rosa_Luxemburg ,1
Friedrich_Engels ,Rosa_Luxemburg ,1
Arthur_Schopenhauer ,Michel_Houellebecq ,1
Claude_Vorilhon ,Michel_Houellebecq ,1
Thomas_Reid ,Victor_Cousin ,1
Maine_de_Biran ,Victor_Cousin ,1
David_Hume ,Adam_Ferguson ,1
William_Cleghorn ,Adam_Ferguson ,1
S%C3%B8ren_Kierkegaard ,Viktor_Frankl ,1
Giordano_Bruno ,Friedrich_Wilhelm_Joseph_Schelling ,1
Johann_Gottlieb_Fichte ,Friedrich_Wilhelm_Joseph_Schelling ,1
Jakob_B%C3%B6hme ,Friedrich_Wilhelm_Joseph_Schelling ,1
Baruch_Spinoza ,Friedrich_Wilhelm_Joseph_Schelling ,1
Immanuel_Kant ,Friedrich_Wilhelm_Joseph_Schelling ,1
Cornelius_Van_Til ,Francis_Schaeffer ,1
Rousas_John_Rushdoony ,Francis_Schaeffer ,1
Muhammad_Husayn_Tabatabaei ,Hossein_Nasr ,1
George_Gurdjieff ,Osho_%28Bhagwan_Shree_Rajneesh%29 ,1
Kitaro_Nishida ,Kuki_Sh%C5%ABz%C5%8D ,1
Henri_Bergson ,Kuki_Sh%C5%ABz%C5%8D ,1
Edmund_Burke ,B._R._Ambedkar ,1
Jyotirao_Phule ,B._R._Ambedkar ,1
Othmar_Spann ,Herman_Dooyeweerd ,1
Mozi ,School_of_Names ,1
Jean-Fran%C3%A7ois_Lyotard ,Richard_Rorty ,1
Wilfrid_Sellars ,Richard_Rorty ,1
Thomas_Kuhn ,Richard_Rorty ,1
William_James ,Richard_Rorty ,1
Donald_Davidson_%28philosopher%29 ,Richard_Rorty ,1
Gianni_Vattimo ,Richard_Rorty ,1
Hubert_Dreyfus ,Richard_Rorty ,1
Hans-Georg_Gadamer ,Richard_Rorty ,1
Herbert_Spencer ,Henry_Sidgwick ,1
Friedrich_Nietzsche ,Leo_Strauss ,1
Georg_Wilhelm_Friedrich_Hegel ,Leo_Strauss ,1
Jean-Jacques_Rousseau ,Leo_Strauss ,1
Eric_Voegelin ,Leo_Strauss ,1
Maimonides ,Leo_Strauss ,1
Ernst_Cassirer ,Leo_Strauss ,1
Baruch_Spinoza ,Leo_Strauss ,1
Immanuel_Kant ,Leo_Strauss ,1
George_Gurdjieff ,Peter_Brook ,1
George_Gurdjieff ,Maurice_Nicoll ,1
Murray_Rothbard ,Wendy_McElroy ,1
Friedrich_Adolf_Trendelenburg ,Rudolf_Christoph_Eucken ,1
Friedrich_Nietzsche ,Jean_Baudrillard ,1
Cornelius_Castoriadis ,Jean_Baudrillard ,1
Michel_de_Montaigne ,Jean-Fran%C3%A7ois_Lyotard ,1
Karl_Marx ,Jean-Fran%C3%A7ois_Lyotard ,1
Noam_Chomsky ,Michael_Albert ,1
Al-Jahiz ,Ab%C5%AB_Ray%E1%B8%A5%C4%81n_al-B%C4%ABr%C5%ABn%C4%AB ,1
Ren%C3%A9_Gu%C3%A9non ,Ananda_Coomaraswamy ,1
Joseph_de_Maistre ,Julius_Evola ,1
Ren%C3%A9_Gu%C3%A9non ,Julius_Evola ,1
Otto_Weininger ,Julius_Evola ,1
Peter_Kropotkin ,Anarchist_Federation_%28Britain_and_Ireland%29 ,1
Georg_Wilhelm_Friedrich_Hegel ,Charles_Taylor_%28philosopher%29 ,1
Hubert_Dreyfus ,Charles_Taylor_%28philosopher%29 ,1
Hannah_Arendt ,Charles_Taylor_%28philosopher%29 ,1
Marshall_McLuhan ,Neil_Postman ,1
Edmund_Burke ,"William_F._Buckley,_Jr. ",1
Eric_Voegelin ,"William_F._Buckley,_Jr. ",1
John_Zerzan ,Derrick_Jensen ,1
J._M._E._McTaggart ,Peter_Geach ,1
Peter_Kropotkin ,Nestor_Makhno ,1
Jacques_Derrida ,Paul_de_Man ,1
Jean-Jacques_Rousseau ,Paul_de_Man ,1
Maurice_Blanchot ,Paul_de_Man ,1
Joseph_Dietzgen ,Antonie_Pannekoek ,1
Ernest_Gellner ,Raymond_Aron ,1
Friedrich_Wilhelm_Joseph_Schelling ,Johann_Wolfgang_von_Goethe ,1
Jean-Jacques_Rousseau ,Johann_Wolfgang_von_Goethe ,1
Johann_Gottfried_Herder ,Johann_Wolfgang_von_Goethe ,1
Baruch_Spinoza ,Johann_Wolfgang_von_Goethe ,1
Pierre-Joseph_Proudhon ,Leo_Tolstoy ,1
Peter_Kropotkin ,Leo_Tolstoy ,1
African_Spir ,Leo_Tolstoy ,1
Petr_Chel%C4%8Dick%C3%BD ,Leo_Tolstoy ,1
Jean-Jacques_Rousseau ,Leo_Tolstoy ,1
Arthur_Schopenhauer ,Leo_Tolstoy ,1
Giordano_Bruno ,Giorgio_Agamben ,1
Martin_Heidegger ,Giorgio_Agamben ,1
Jacob_Taubes ,Giorgio_Agamben ,1
Michel_Foucault ,Giorgio_Agamben ,1
Hannah_Arendt ,Giorgio_Agamben ,1
Gilbert_Ryle ,Wilfrid_Sellars ,1
Stanley_Cavell ,Martha_Nussbaum ,1
Johann_Gottfried_Herder ,%C4%BDudov%C3%ADt_%C5%A0t%C3%BAr ,1
Paul_Watzlawick ,Constructivist_epistemology ,1
Zhu_Xi ,Joseph_Needham ,1
Adam_Weishaupt ,Percy_Bysshe_Shelley ,1
Benedetto_Croce ,R._G._Collingwood ,1
F._H._Bradley ,R._G._Collingwood ,1
Wilhelm_Dilthey ,R._G._Collingwood ,1
David_Hume ,African_Spir ,1
David_Hume ,David_Lewis_%28philosopher%29 ,1
Hilary_Putnam ,David_Lewis_%28philosopher%29 ,1
Willard_Van_Orman_Quine ,David_Lewis_%28philosopher%29 ,1
Rudolf_Carnap ,David_Lewis_%28philosopher%29 ,1
Gordon_Clark ,Carl_F._H._Henry ,1
George_Gurdjieff ,Alfred_Richard_Orage ,1
Herbert_McCabe ,Terry_Eagleton ,1
Maurice_Halbwachs ,Paul_Ric%C5%93ur ,1
Edmund_Husserl ,Paul_Ric%C5%93ur ,1
Karl_Jaspers ,Paul_Ric%C5%93ur ,1
Zhuangzi ,Zen ,1
Antonio_Gramsci ,Stuart_Hall_%28cultural_theorist%29 ,1
Muhammad_ibn_Abd_al-Wahhab ,Syed_Ahmed_Khan ,1
"Victoria,_Lady_Welby ",Charles_Kay_Ogden ,1
Parmenides ,Melissus_of_Samos ,1
Jean-Jacques_Rousseau ,Louis_Antoine_de_Saint-Just ,1
Albert_Camus ,Jacques_Monod ,1
William_Petty ,Bernard_Mandeville ,1
Michael_Walzer ,Michael_Sandel ,1
Alfred_North_Whitehead ,Charles_Hartshorne ,1
Paul_Watzlawick ,Family_therapy ,1
Leo_Strauss ,Harvey_Mansfield ,1
Allan_Bloom ,Harvey_Mansfield ,1
Herbert_McCabe ,Alasdair_MacIntyre ,1
R._Radhakrishnan ,Homi_K._Bhabha ,1
Edward_Said ,Homi_K._Bhabha ,1
Zhu_Xi ,Wang_Yangming ,1
Johannes_Scotus_Eriugena ,Honorius_Augustodunensis ,1
Richard_Cantillon ,"Victor_de_Riqueti,_marquis_de_Mirabeau ",1
John_Zerzan ,Green_Anarchy ,1
Josiah_Warren ,Ezra_Heywood ,1
Plato ,Anselm_of_Canterbury ,1
Judith_Butler ,Kate_Bornstein ,1
Edmund_Husserl ,Jos%C3%A9_Ortega_y_Gasset ,1
Wilhelm_Dilthey ,Jos%C3%A9_Ortega_y_Gasset ,1
Maurice_Merleau-Ponty ,Cornelius_Castoriadis ,1
Hannah_Arendt ,Cornelius_Castoriadis ,1
George_Grant_%28philosopher%29 ,Dennis_Lee_%28author%29 ,1
Cornelius_Van_Til ,Timothy_J._Keller ,1
Gianni_Vattimo ,Lorenzo_Ferrero ,1
Suzanne_Briet ,Michael_Buckland ,1
Alexandre_Koyr%C3%A9 ,Thomas_Kuhn ,1
Pierre_Duhem ,Thomas_Kuhn ,1
Gaston_Bachelard ,Thomas_Kuhn ,1
Mencius ,Timeline_of_Eastern_philosophers ,1
Martin_Buber ,Ivan_B%C3%B6sz%C3%B6rm%C3%A9nyi-Nagy ,1
A._J._Ayer ,Mihailo_Markovi%C4%87 ,1
Friedrich_Nietzsche ,Alexandre_Koj%C3%A8ve ,1
Georg_Wilhelm_Friedrich_Hegel ,Alexandre_Koj%C3%A8ve ,1
Leo_Strauss ,Alexandre_Koj%C3%A8ve ,1
Vladimir_Solovyov_%28philosopher%29 ,Alexandre_Koj%C3%A8ve ,1
Herbert_Marcuse ,Henri_Lefebvre ,1
Michael_Walzer ,Michael_W._Doyle ,1
Joseph_de_Maistre ,George_Fitzhugh ,1
Mulla_Sadra ,Iranian_philosophy ,1
Willard_Van_Orman_Quine ,David_Kaplan_%28philosopher%29 ,1
Rudolf_Carnap ,David_Kaplan_%28philosopher%29 ,1
Lev_Shestov ,Jules_de_Gaultier ,1
Antonio_Gramsci ,Jalal_Al-e-Ahmad ,1
Eric_Voegelin ,David_Walsh ,1
Arcesilaus ,Philo_of_Larissa ,1
Carneades ,Philo_of_Larissa ,1
Hannah_Arendt ,J._G._A._Pocock ,1
Michael_Oakeshott ,J._G._A._Pocock ,1
Hermann_Ulrici ,Andrew_Seth_Pringle-Pattison ,1
Jacob_Taubes ,Peter_Sloterdijk ,1
Kenneth_Waltz ,John_Mearsheimer ,1
S%C3%B8ren_Kierkegaard ,Lev_Shestov ,1
Hannah_Arendt ,Hanna_Fenichel_Pitkin ,1
Stanley_Cavell ,Hanna_Fenichel_Pitkin ,1
Hubert_Dreyfus ,Tim_van_Gelder ,1
Mu%27ayyad_fi%27l-Din_al-Shirazi ,Nasir_Khusraw ,1
Abul_Ala_Maududi ,Khurshid_Ahmad_%28Islamic_scholar%29 ,1
A._D._Gordon ,Rachel_Bluwstein ,1
Stilpo ,Asclepiades_of_Phlius ,1
Peter_Singer ,Peter_Unger ,1
Alain_Badiou ,Quentin_Meillassoux ,1
Georg_Wilhelm_Friedrich_Hegel ,Arthur_Danto ,1
Moses_Mendelssohn ,David_Friedl%C3%A4nder ,1
Friedrich_Nietzsche ,Walter_Kaufmann_%28philosopher%29 ,1
Martin_Buber ,Walter_Kaufmann_%28philosopher%29 ,1
Aristotle ,Duns_Scotus ,1
Pseudo-Dionysius_the_Areopagite ,Johannes_Scotus_Eriugena ,1
Plotinus ,Johannes_Scotus_Eriugena ,1
Arthur_Prior ,Max_Cresswell ,1
Karl_Marx ,Manabendra_Nath_Roy ,1
Edward_Said ,Ranajit_Guha ,1
Aristippus ,Hegesias_of_Cyrene ,1
Gerald_Cohen ,Jonathan_Wolff_%28philosopher%29 ,1
R._Radhakrishnan ,David_Lloyd ,1
Al-Kindi ,Isaac_Israeli_ben_Solomon ,1
John_Zerzan ,Species_Traitor ,1
Kitaro_Nishida ,Keiji_Nishitani ,1
Epicurus ,Metrodorus_of_Lampsacus_%28the_younger%29 ,1
Edmund_Burke ,Russell_Kirk ,1
Eric_Voegelin ,Russell_Kirk ,1
Muhammad_ibn_Abd_al-Wahhab ,Muhammad_Nasiruddin_al-Albani ,1
Hermann_Lotze ,Wilhelm_Windelband ,1
Hermann_Lotze ,George_Trumbull_Ladd ,1
Vladimir_Solovyov_%28philosopher%29 ,Pavel_Florensky ,1
John_Anderson_%28philosopher%29 ,David_Stove ,1
Marshall_McLuhan ,Paul_Levinson ,1
Leo_Strauss ,Harry_V._Jaffa ,1
Alfred_North_Whitehead ,William_Irwin_Thompson ,1
Marshall_McLuhan ,William_Irwin_Thompson ,1
Noam_Chomsky ,Neil_Smith_%28linguist%29 ,1
Stanley_Cavell ,Stephen_Mulhall ,1
Peter_Kropotkin ,Luigi_Galleani ,1
A._D._Gordon ,Berl_Katznelson ,1
Meister_Eckhart ,Johannes_Tauler ,1
Murray_Rothbard ,The_Market_for_Liberty ,1
Nikolay_Lossky ,Vladimir_Lossky ,1
Ferdinand_de_Saussure ,Claude_L%C3%A9vi-Strauss ,1
Georg_Wilhelm_Friedrich_Hegel ,Claude_L%C3%A9vi-Strauss ,1
Jean-Jacques_Rousseau ,Claude_L%C3%A9vi-Strauss ,1
Maurice_Merleau-Ponty ,Claude_L%C3%A9vi-Strauss ,1
Bernard_Stiegler ,Daniel_Ross_%28Australian_philosopher_and_filmmaker%29 ,1
Michael_Walzer ,Jean_Bethke_Elshtain ,1
George_Grant_%28philosopher%29 ,Matt_Cohen_%28writer%29 ,1
Leo_Strauss ,Peter_Berkowitz ,1
Louis_Althusser ,Nicos_Poulantzas ,1
Cornelius_Castoriadis ,Takis_Fotopoulos ,1
Leonard_Peikoff ,Tara_Smith_%28philosopher%29 ,1
W._D._Ross ,Tara_Smith_%28philosopher%29 ,1
Leo_Strauss ,Joseph_Cropsey ,1
Edmund_Husserl ,Dallas_Willard ,1
Josiah_Warren ,%C3%89mile_Armand ,1
Max_Stirner ,%C3%89mile_Armand ,1
Karel_Kos%C3%ADk ,Reception_theory ,1
Georges_Palante ,Louis_Guilloux ,1
Peter_Kropotkin ,Volin ,1
Simone_Weil ,Dewi_Zephaniah_Phillips ,1
Murray_Rothbard ,Joseph_Salerno ,1
Leonard_Peikoff ,George_H._Smith ,1
Hilary_Putnam ,Tyler_Burge ,1
Giovanni_Gentile ,Edwin_Arthur_Burtt ,1
S%C3%B8ren_Kierkegaard ,Hans_Urs_von_Balthasar ,1
Muhammad_Husayn_Tabatabaei ,Morteza_Motahhari ,1
Hannah_Arendt ,Michael_Marrus ,1
Pierre_Duhem ,Stanley_Jaki ,1
William_A._Earle ,Peter_Suber ,1
Jakob_B%C3%B6hme ,Pierre_Poiret ,1
Rudolf_Steiner ,Jennifer_Gidley ,1
Karl_Marx ,Dimitris_Christofias ,1
Tahir-ul-Qadri ,Timothy_Winter ,1
Simone_Weil ,Peter_Winch ,1
Ren%C3%A9_Gu%C3%A9non ,Jean-Louis_Michon ,1
John_Anderson_%28philosopher%29 ,David_Malet_Armstrong ,1
Ka%27ab_al-Ahbar ,Abu_Hurairah ,1
Philippa_Foot ,Judith_Jarvis_Thomson ,1
Georg_Wilhelm_Friedrich_Hegel ,Alexandre_Koyr%C3%A9 ,1
Edwin_Arthur_Burtt ,Alexandre_Koyr%C3%A9 ,1
Edmund_Husserl ,Alexandre_Koyr%C3%A9 ,1
Gaston_Bachelard ,Alexandre_Koyr%C3%A9 ,1
Muhammad_ibn_Abd_al-Wahhab ,Abd_al-Aziz_ibn_Abd_Allah_ibn_Baaz ,1
Hubert_Dreyfus ,Tao_Ruspoli ,1
Muhammad_ibn_Abd_al-Wahhab ,Muhammad_ibn_al_Uthaymeen ,1
Edward_Said ,Hamid_Dabashi ,1
Ka%27ab_al-Ahbar ,%60Abd_Allah_ibn_%60Umar ,1
Murray_Rothbard ,Edward_Stringham ,1
Gerald_Cohen ,Michael_Otsuka ,1
Peter_G._Ossorio ,Wynn_Schwartz ,1
John_Bowlby ,Mary_Ainsworth ,1
J%C3%BCrgen_Habermas ,Seyla_Benhabib ,1
Hannah_Arendt ,Seyla_Benhabib ,1
Peter_Kropotkin ,Revolutionary_Insurrectionary_Army_of_Ukraine ,1
H._L._A._Hart ,Leslie_Green_%28philosopher%29 ,1
Wilfrid_Sellars ,James_Conant ,1
Noam_Chomsky ,Howard_Lasnik ,1
Rashid_Ahmad_Gangohi ,Husain_Ahmed_Madani ,1
George_Grant_%28philosopher%29 ,Barry_F._Cooper ,1
P._F._Strawson ,Ramchandra_Gandhi ,1
Ernest_Gellner ,Andrey_Korotayev ,1
F%C3%A9lix_Guattari ,Guy_Hocquenghem ,1
Henri_Bergson ,Vicente_Risco ,1
Ivo_Urban%C4%8Di%C4%8D ,Tine_Hribar ,1
Ibn_Jurayj ,%E2%80%98Abd_ar-Razzaq_as-San%E2%80%98ani ,1
John_D._Caputo ,James_K._A._Smith ,1
Ali_ibn_al-Madini ,Ibrahim_ibn_Ya%27qub_al-Juzajani ,1
Yahya_ibn_Ma%27in ,Ibrahim_ibn_Ya%27qub_al-Juzajani ,1
Peter_Ludlow ,Jason_Stanley ,1
Ren%C3%A9_Descartes ,Jason_Stanley ,1
Philipp_Mainl%C3%A4nder ,Ulrich_Horstmann ,1
Plato ,Neoplatonism ,1
Porphyry_%28philosopher%29 ,Neoplatonism ,1
Paul_Watzlawick ,Psychotherapy ,1
Thomas_Paine ,Abraham_Lincoln ,1
Moritz_Schlick ,Albert_Einstein ,1
Arthur_Schopenhauer ,Albert_Einstein ,1
David_Hume ,Albert_Einstein ,1
Baruch_Spinoza ,Albert_Einstein ,1
Friedrich_Nietzsche ,Albert_Camus ,1
Georg_Wilhelm_Friedrich_Hegel ,Albert_Camus ,1
Jean-Paul_Sartre ,Albert_Camus ,1
Lev_Shestov ,Albert_Camus ,1
Georges_Palante ,Albert_Camus ,1
Edmund_Husserl ,Albert_Camus ,1
S%C3%B8ren_Kierkegaard ,Albert_Camus ,1
Simone_Weil ,Albert_Camus ,1
Simone_de_Beauvoir ,Albert_Camus ,1
Max_Stirner ,Albert_Camus ,1
Karl_Jaspers ,Albert_Camus ,1
Hubert_Dreyfus ,Artificial_intelligence ,1
Johannes_Scotus_Eriugena ,Alain_de_Lille ,1
Aristotle ,Albertus_Magnus ,1
Boethius ,Albertus_Magnus ,1
Thales ,Anaximenes_of_Miletus ,1
Anaximander ,Anaximenes_of_Miletus ,1
Plato ,Cicero ,1
Lucretius ,Cicero ,1
Posidonius ,Cicero ,1
Panaetius ,Cicero ,1
Thomas_Reid ,Charles_Sanders_Peirce ,1
Friedrich_Wilhelm_Joseph_Schelling ,Charles_Sanders_Peirce ,1
Duns_Scotus ,Charles_Sanders_Peirce ,1
Immanuel_Kant ,Charles_Sanders_Peirce ,1
George_Boole ,Charles_Sanders_Peirce ,1
"Victoria,_Lady_Welby ",Charles_Sanders_Peirce ,1
Lev_Shestov ,Czes%C5%82aw_Mi%C5%82osz ,1
Simone_Weil ,Czes%C5%82aw_Mi%C5%82osz ,1
Arthur_Schopenhauer ,Dylan_Thomas ,1
Pythagoras ,Euclid ,1
Gottlob_Frege ,Edmund_Husserl ,1
Franz_Brentano ,Edmund_Husserl ,1
Ren%C3%A9_Descartes ,Edmund_Husserl ,1
Immanuel_Kant ,Edmund_Husserl ,1
Sextus_Empiricus ,Edmund_Husserl ,1
George_Berkeley ,Edmund_Burke ,1
John_Selden ,Edmund_Burke ,1
Montesquieu ,Edmund_Burke ,1
Niccol%C3%B2_Machiavelli ,Edward_Gibbon ,1
Friedrich_Nietzsche ,Franz_Kafka ,1
S%C3%B8ren_Kierkegaard ,Franz_Kafka ,1
Otto_Weininger ,Franz_Kafka ,1
Othmar_Spann ,Friedrich_Hayek ,1
Bernard_Mandeville ,Friedrich_Hayek ,1
Edmund_Burke ,Friedrich_Hayek ,1
Karl_Popper ,Friedrich_Hayek ,1
Alexis_de_Tocqueville ,Friedrich_Hayek ,1
Frank_Fetter ,Friedrich_Hayek ,1
Emerich_de_Vattel ,George_Washington ,1
Jean-Jacques_Rousseau ,Johann_Gottlieb_Fichte ,1
Salomon_Maimon ,Johann_Gottlieb_Fichte ,1
Friedrich_Heinrich_Jacobi ,Johann_Gottlieb_Fichte ,1
Baruch_Spinoza ,Johann_Gottlieb_Fichte ,1
Karl_Leonhard_Reinhold ,Johann_Gottlieb_Fichte ,1
Arthur_Schopenhauer ,Guy_de_Maupassant ,1
Philodemus ,Horace ,1
Friedrich_Nietzsche ,Herbert_Marcuse ,1
Georg_Wilhelm_Friedrich_Hegel ,Herbert_Marcuse ,1
Max_Horkheimer ,Herbert_Marcuse ,1
Karl_Marx ,Herbert_Marcuse ,1
S%C3%B8ren_Kierkegaard ,Henrik_Ibsen ,1
Emanuel_Swedenborg ,Helen_Keller ,1
Giordano_Bruno ,James_Joyce ,1
Maimonides ,James_Joyce ,1
Otto_Weininger ,James_Joyce ,1
George_Berkeley ,John_Stuart_Mill ,1
Plato ,John_Stuart_Mill ,1
Josiah_Warren ,John_Stuart_Mill ,1
David_Hume ,John_Stuart_Mill ,1
Auguste_Comte ,John_Stuart_Mill ,1
Alexis_de_Tocqueville ,John_Stuart_Mill ,1
Epicurus ,John_Stuart_Mill ,1
Jeremy_Bentham ,John_Stuart_Mill ,1
Karl_Marx ,Joseph_Stalin ,1
S%C3%B8ren_Kierkegaard ,John_Updike ,1
Gaetano_Mosca ,Joseph_Schumpeter ,1
Michel_de_Montaigne ,Jean-Jacques_Rousseau ,1
Hugo_Grotius ,Jean-Jacques_Rousseau ,1
Baruch_Spinoza ,Jean-Jacques_Rousseau ,1
Niccol%C3%B2_Machiavelli ,Jean-Jacques_Rousseau ,1
Montesquieu ,Jean-Jacques_Rousseau ,1
David_Hume ,James_Madison ,1
Georg_Wilhelm_Friedrich_Hegel ,J%C3%BCrgen_Habermas ,1
Max_Horkheimer ,J%C3%BCrgen_Habermas ,1
Herbert_Marcuse ,J%C3%BCrgen_Habermas ,1
Theodor_W._Adorno ,J%C3%BCrgen_Habermas ,1
Immanuel_Kant ,J%C3%BCrgen_Habermas ,1
Hannah_Arendt ,J%C3%BCrgen_Habermas ,1
Wilhelm_Dilthey ,J%C3%BCrgen_Habermas ,1
Plotinus ,Julian_the_Apostate ,1
Alexander_Herzen ,Leon_Trotsky ,1
Arthur_Schopenhauer ,Leon_Trotsky ,1
Karl_Marx ,Leon_Trotsky ,1
Friedrich_Engels ,Leon_Trotsky ,1
Thomas_Paine ,Mary_Wollstonecraft ,1
Arthur_Schopenhauer ,Marcel_Proust ,1
Henri_Bergson ,Marcel_Proust ,1
Ferdinand_de_Saussure ,Noam_Chomsky ,1
Antonio_Gramsci ,Noam_Chomsky ,1
David_Hume ,Noam_Chomsky ,1
Karl_Marx ,Noam_Chomsky ,1
Ren%C3%A9_Descartes ,Noam_Chomsky ,1
Bertrand_Russell ,Noam_Chomsky ,1
Immanuel_Kant ,Noam_Chomsky ,1
Willard_Van_Orman_Quine ,Noam_Chomsky ,1
Nelson_Goodman ,Noam_Chomsky ,1
Taha_Hussein ,Naguib_Mahfouz ,1
Friedrich_Nietzsche ,Oswald_Spengler ,1
Georg_Wilhelm_Friedrich_Hegel ,Peter_Singer ,1
Henry_Sidgwick ,Peter_Singer ,1
John_Stuart_Mill ,Peter_Singer ,1
R._M._Hare ,Peter_Singer ,1
Duns_Scotus ,Pope_Alexander_VI ,1
Edmund_Husserl ,Pope_John_Paul_II ,1
Friedrich_Nietzsche ,Peter_Wessel_Zapffe ,1
Arthur_Schopenhauer ,Peter_Wessel_Zapffe ,1
Otto_Weininger ,Robert_Musil ,1
George_Gurdjieff ,Robert_Fripp ,1
Jean-Jacques_Rousseau ,Romanticism ,1
Georg_Wilhelm_Friedrich_Hegel ,Ralph_Waldo_Emerson ,1
Michel_de_Montaigne ,Ralph_Waldo_Emerson ,1
Immanuel_Kant ,Ralph_Waldo_Emerson ,1
Emanuel_Swedenborg ,Ralph_Waldo_Emerson ,1
Ferdinand_de_Saussure ,Roman_Jakobson ,1
Khwaja_Shamsuddin_Azimi ,Sufism ,1
Ahmad_Sirhindi ,Sufism ,1
Muhammad_Hamidullah ,Sharia ,1
Zhuangzi ,Taoism ,1
Lucretius ,Virgil ,1
Philodemus ,Virgil ,1
Emanuel_Swedenborg ,William_Blake ,1
Joseph_Butler____1 ,William_Paley ,1
Rudolf_Steiner ,Wassily_Kandinsky ,1
Lucretius ,Epicureanism ,1
Philodemus ,Epicureanism ,1
Johannes_Scotus_Eriugena ,Berengar_of_Tours ,1
Jan_Hus ,John_Wesley ,1
Herbert_Spencer ,Jack_London ,1
Sextus_Empiricus ,Michel_de_Montaigne ,1
Noam_Chomsky ,Steven_Pinker ,1
Edmund_Burke ,Robert_Peel ,1
Herbert_Spencer ,Alfred_Marshall ,1
Friedrich_Nietzsche ,Michel_Foucault ,1
Ferdinand_de_Saussure ,Michel_Foucault ,1
Jean-Paul_Sartre ,Michel_Foucault ,1
Louis_Althusser ,Michel_Foucault ,1
Claude_L%C3%A9vi-Strauss ,Michel_Foucault ,1
Georges_Bataille ,Michel_Foucault ,1
Gilles_Deleuze ,Michel_Foucault ,1
Karl_Marx ,Michel_Foucault ,1
Maurice_Merleau-Ponty ,Michel_Foucault ,1
Epicurus ,Michel_Foucault ,1
Immanuel_Kant ,Michel_Foucault ,1
Roland_Barthes ,Michel_Foucault ,1
J._L._Austin ,Michel_Foucault ,1
Gaston_Bachelard ,Michel_Foucault ,1
Noam_Chomsky ,Hugo_Ch%C3%A1vez ,1
S%C3%B8ren_Kierkegaard ,August_Strindberg ,1
Otto_Weininger ,August_Strindberg ,1
Emanuel_Swedenborg ,August_Strindberg ,1
Noam_Chomsky ,Robert_Fisk ,1
Edward_Said ,Robert_Fisk ,1
Posidonius ,Strabo ,1
Georg_Wilhelm_Friedrich_Hegel ,Andr%C3%A9_Breton ,1
Georg_Wilhelm_Friedrich_Hegel ,Mikhail_Bakunin ,1
Pierre-Joseph_Proudhon ,Mikhail_Bakunin ,1
Jean-Jacques_Rousseau ,Mikhail_Bakunin ,1
Karl_Marx ,Mikhail_Bakunin ,1
Ludwig_Feuerbach ,Mikhail_Bakunin ,1
Arthur_Schopenhauer ,Joris-Karl_Huysmans ,1
Francisco_Su%C3%A1rez ,Hugo_Grotius ,1
Georg_Wilhelm_Friedrich_Hegel ,Bruno_Bauer ,1
Stanley_Cavell ,Terrence_Malick ,1
Hans_Vaihinger ,Alfred_Adler ,1
Friedrich_Adolf_Trendelenburg ,Franz_Brentano ,1
Thomas_Reid ,Alvin_Plantinga ,1
Thomas_Reid ,William_James ,1
African_Spir ,William_James ,1
John_Stuart_Mill ,William_James ,1
George_Santayana ,William_James ,1
David_Hume ,William_James ,1
David_Hartley_%28philosopher%29 ,William_James ,1
Christoph_von_Sigwart ,William_James ,1
Charles_Bernard_Renouvier ,William_James ,1
Hermann_Lotze ,William_James ,1
Ferdinand_Canning_Scott_Schiller ,William_James ,1
Plotinus ,Bonaventure ,1
Anselm_of_Canterbury____1 ,Bonaventure ,1
Hugo_Grotius ,Scottish_Enlightenment ,1
Antonio_Gramsci ,Eric_Hobsbawm ,1
Posidonius ,Diodorus_Siculus ,1
Epictetus ,Arrian ,1
Herbert_Marcuse ,John_Zerzan ,1
Ivan_Illich ,John_Zerzan ,1
Gaston_Bachelard ,Pierre_Bourdieu ,1
Josiah_Warren ,Stephen_Pearl_Andrews ,1
Henri_Bourassa ,Lionel_Groulx ,1
Democritus ,Pyrrho ,1
Hubert_Dreyfus ,John_Searle ,1
Immanuel_Kant ,John_Searle ,1
J._L._Austin ,John_Searle ,1
Gilbert_Ryle ,John_Searle ,1
Georges_Sorel ,Benito_Mussolini ,1
Giovanni_Gentile ,Benito_Mussolini ,1
Arthur_Schopenhauer ,Ettore_Majorana ,1
Jean-Paul_Sartre ,Joss_Whedon ,1
Thomas_Hobbes ,Joseph_Butler ,1
Francis_Hutcheson_%28philosopher%29 ,Joseph_Butler ,1
Baruch_Spinoza ,Abraham_Isaac_Kook ,1
Joseph_de_Maistre ,Pat_Buchanan ,1
Maine_de_Biran ,F%C3%A9lix_Ravaisson-Mollien ,1
Thomas_Paine ,Robert_G._Ingersoll ,1
Leo_Strauss ,Andrew_Sullivan ,1
Michael_Oakeshott ,Andrew_Sullivan ,1
Friedrich_Heinrich_Jacobi ,Jakob_Friedrich_Fries ,1
Rudolf_Steiner ,Joseph_Beuys ,1
Friedrich_Nietzsche ,George_Santayana ,1
William_James ,George_Santayana ,1
Arthur_Schopenhauer ,George_Santayana ,1
Democritus ,George_Santayana ,1
Lucretius ,George_Santayana ,1
Baruch_Spinoza ,George_Santayana ,1
Hugo_Grotius ,Samuel_von_Pufendorf ,1
John_Selden ,Samuel_von_Pufendorf ,1
Leo_Strauss ,Eric_Voegelin ,1
Othmar_Spann ,Eric_Voegelin ,1
Hans_Jonas ,Eric_Voegelin ,1
Henri_Bergson ,Eric_Voegelin ,1
Arthur_Schopenhauer ,Mihai_Eminescu ,1
Claude_Adrien_Helv%C3%A9tius ,Cesare_Beccaria ,1
Averroes ,Siger_of_Brabant ,1
Epicurus ,Pierre_Gassendi ,1
Hugo_Grotius ,John_Selden ,1
African_Spir ,Gerardus_Heymans ,1
Friedrich_Nietzsche ,Georges_Bataille ,1
Georg_Wilhelm_Friedrich_Hegel ,Georges_Bataille ,1
Lev_Shestov ,Georges_Bataille ,1
Edmund_Burke ,Joseph_de_Maistre ,1
George_Gurdjieff ,Thomas_de_Hartmann ,1
George_Gurdjieff ,John_G._Bennett ,1
Joseph_de_Maistre ,Charles_Maurras ,1
Auguste_Comte ,Charles_Maurras ,1
Hannah_Arendt ,Alain_Finkielkraut ,1
Otto_Neurath ,Vienna_Circle ,1
Hans_Reichenbach ,Vienna_Circle ,1
Kurt_Grelling ,Vienna_Circle ,1
Moritz_Schlick ,Vienna_Circle ,1
John_Stuart_Mill ,Christopher_Hitchens ,1
Noam_Chomsky ,Christopher_Hitchens ,1
Thomas_Paine ,Christopher_Hitchens ,1
Edward_Said ,Christopher_Hitchens ,1
Gottfried_Leibniz ,Lyndon_LaRouche ,1
Victor_Prosper_Considerant ,Charles_Fourier ,1
Alfred_North_Whitehead ,Terence_McKenna ,1
Marshall_McLuhan ,Terence_McKenna ,1
A._J._Ayer ,P._F._Strawson ,1
Immanuel_Kant ,P._F._Strawson ,1
Cheng_Yi_%28philosopher%29 ,Zhu_Xi ,1
Zhou_Dunyi ,Zhu_Xi ,1
Auguste_Comte ,Herbert_Spencer ,1
Murray_Rothbard ,Lew_Rockwell ,1
Otto_Weininger ,Giorgio_de_Chirico ,1
Terence_McKenna ,Clifford_A._Pickover ,1
Hisham_ibn_Urwah ,Malik_ibn_Anas ,1
Cornelius_Castoriadis ,Daniel_Cohn-Bendit ,1
Johannes_Scotus_Eriugena ,Nicholas_of_Cusa ,1
Meister_Eckhart ,Nicholas_of_Cusa ,1
Pseudo-Dionysius_the_Areopagite ,Nicholas_of_Cusa ,1
Proclus ,Nicholas_of_Cusa ,1
Albertus_Magnus____1 ,Nicholas_of_Cusa ,1
Bonaventure____1 ,Nicholas_of_Cusa ,1
Christian_Wolff_%28philosopher%29 ,Alexander_Gottlieb_Baumgarten ,1
Hilary_Putnam ,Donald_Davidson_%28philosopher%29 ,1
Baruch_Spinoza ,Donald_Davidson_%28philosopher%29 ,1
Willard_Van_Orman_Quine ,Donald_Davidson_%28philosopher%29 ,1
Gottlob_Frege ,Michael_Dummett ,1
Strato_of_Lampsacus ,Pierre_Bayle ,1
R._Radhakrishnan ,Gayatri_Chakravorty_Spivak ,1
Edward_Said ,Gayatri_Chakravorty_Spivak ,1
Jean-Paul_Sartre ,R._D._Laing ,1
John_Zerzan ,World_Trade_Organization_Ministerial_Conference_of_1999_protest_activity ,1
John_Stuart_Mill ,Paul_Krugman ,1
%C3%89tienne_Balibar ,Jacques_Ranci%C3%A8re ,1
Muhammad_Husayn_Tabatabaei ,Mohammad_Beheshti ,1
African_Spir ,Max_M%C3%BCller ,1
Confucius ,Neo-Confucianism ,1
Hubert_Dreyfus ,John_Haugeland ,1
Friedrich_Albert_Lange ,Eduard_Bernstein ,1
Friedrich_Nietzsche ,Muhammad_Iqbal ,1
Thomas_Walker_Arnold ,Muhammad_Iqbal ,1
Ahmad_Sirhindi ,Muhammad_Iqbal ,1
Bayazid_Bastami ,Muhammad_Iqbal ,1
Henri_Bergson ,Muhammad_Iqbal ,1
Desiderius_Erasmus ,Martin_Luther ,1
Duns_Scotus ,Martin_Luther ,1
Jan_Hus ,Martin_Luther ,1
Arthur_Schopenhauer ,Robinson_Jeffers ,1
Ludwig_Feuerbach ,Leconte_de_Lisle ,1
Georg_Wilhelm_Friedrich_Hegel ,Vladimir_Lenin ,1
Alexander_Herzen ,Vladimir_Lenin ,1
Karl_Marx ,Vladimir_Lenin ,1
Friedrich_Engels ,Vladimir_Lenin ,1
Joseph_Dietzgen ,Vladimir_Lenin ,1
Adam_Smith ,Manuel_Belgrano ,1
Otto_Weininger ,J%C3%B6rg_Lanz_von_Liebenfels ,1
Alexius_Meinong ,Roderick_Chisholm ,1
Clarence_Irving_Lewis ,Roderick_Chisholm ,1
Friedrich_Wilhelm_Joseph_Schelling ,Paul_Tillich ,1
Johann_Gottlieb_Fichte ,Paul_Tillich ,1
Friedrich_Schleiermacher ,Paul_Tillich ,1
S%C3%B8ren_Kierkegaard ,Paul_Tillich ,1
Martin_Buber ,Paul_Tillich ,1
Hilary_Putnam ,David_Marr_%28neuroscientist%29 ,1
Petr_Chel%C4%8Dick%C3%BD ,Unity_of_the_Brethren ,1
Noam_Chomsky ,Jerry_Fodor ,1
David_Hume ,Jerry_Fodor ,1
Hilary_Putnam ,Jerry_Fodor ,1
Nelson_Goodman ,Jerry_Fodor ,1
David_Hume ,Simon_Blackburn ,1
George_Grant_%28philosopher%29 ,James_Laxer ,1
Herbert_Blumer ,Anselm_Strauss ,1
Georg_Wilhelm_Friedrich_Hegel ,J%C3%BCrgen_Moltmann ,1
Ernst_Bloch ,J%C3%BCrgen_Moltmann ,1
Christoph_von_Sigwart ,Bernard_Bosanquet_%28philosopher%29 ,1
Giovanni_Gentile ,Bernard_Bosanquet_%28philosopher%29 ,1
Roy_Johnston ,Tom%C3%A1s_Mac_Giolla ,1
Paul_Ric%C5%93ur ,John_D._Caputo ,1
Gianni_Vattimo ,John_D._Caputo ,1
Murray_Rothbard ,Gene_Callahan_%28economist%29 ,1
Hermann_Lotze ,Josiah_Royce ,1
Jean-Jacques_Rousseau ,Counter-Enlightenment ,1
Friedrich_Schleiermacher ,Rudolf_Bultmann ,1
Antonio_Gramsci ,Palmiro_Togliatti ,1
Leo_Strauss ,George_Grant_%28philosopher%29 ,1
Herbert_Spencer ,William_Graham_Sumner ,1
Noam_Chomsky ,Jean_Bricmont ,1
Jules_Vuillemin ,Jean_Bricmont ,1
Wilhelm_Dilthey ,Mikhail_Bakhtin ,1
Xavier_Zubiri ,Ignacio_Ellacur%C3%ADa ,1
John_Grinder ,Robert_Dilts ,1
Qamaruzzaman_Azmi ,Sunni_Dawat-e-Islami ,1
Lev_Shestov ,Sergei_Bulgakov ,1
Vladimir_Solovyov_%28philosopher%29 ,Sergei_Bulgakov ,1
Confucius ,Xun_Zi ,1
Arthur_Schopenhauer ,Philipp_Mainl%C3%A4nder ,1
Antonio_Gramsci ,Paulo_Freire ,1
Max_Horkheimer ,Axel_Honneth ,1
Charles_Taylor_%28philosopher%29 ,Axel_Honneth ,1
Richard_McKeon ,Wayne_C._Booth ,1
Jean-Paul_Sartre ,Michael_Jackson_%28anthropologist%29 ,1
William_James ,Michael_Jackson_%28anthropologist%29 ,1
Hannah_Arendt ,Michael_Jackson_%28anthropologist%29 ,1
Helena_Roerich ,Ivan_Yefremov ,1
Abu_Zayd_al-Balkhi ,Joseph_Wolpe ,1
Antonio_Gramsci ,Zygmunt_Bauman ,1
Kazi_Nazrul_Islam ,Bangladesh_Liberation_War ,1
Max_Stirner ,Herbert_Read ,1
Muhammad_Husayn_Tabatabaei ,Naser_Makarem_Shirazi ,1
R._M._Hare ,Brad_Hooker ,1
Antonio_Gramsci ,Michael_Parenti ,1
Louis_Althusser ,%C3%89tienne_Balibar ,1
Jean-Paul_Sartre ,Alain_Badiou ,1
George_Gurdjieff ,James_Moore_%28Cornish_author%29 ,1
Murray_Rothbard ,Robert_Higgs ,1
Georg_Wilhelm_Friedrich_Hegel ,Benedetto_Croce ,1
Jean-Jacques_Rousseau ,Benedetto_Croce ,1
Antonio_Labriola ,Benedetto_Croce ,1
Giovanni_Gentile ,Benedetto_Croce ,1
Helena_Roerich ,Yuli_Mikhailovich_Vorontsov ,1
Gaston_Bachelard ,Georges_Canguilhem ,1
Henry_Corbin ,Harold_Bloom ,1
Hermann_Lotze ,Borden_Parker_Bowne ,1
Ernest_Gellner ,Joseph_Agassi ,1
Rudolf_Steiner ,Peter_Deunov ,1
Noam_Chomsky ,Ray_Jackendoff ,1
Othmar_Spann ,Oskar_Morgenstern ,1
Edmund_Husserl ,Adolf_Reinach ,1
Ernest_Gellner ,Edmund_Leach ,1
Marshall_McLuhan ,Walter_J._Ong ,1
Georg_Wilhelm_Friedrich_Hegel ,John_O%27Donohue ,1
John_Stuart_Mill ,Will_Kymlicka ,1
Gerald_Cohen ,Will_Kymlicka ,1
Svetozar_Markovi%C4%87 ,Nikola_Pa%C5%A1i%C4%87 ,1
Noam_Chomsky ,Peter_Ludlow ,1
Imre_Lakatos ,Jean-Claude_Milner ,1
Edmund_Husserl ,Jan_Pato%C4%8Dka ,1
Simone_de_Beauvoir ,Germaine_Greer ,1
R._Radhakrishnan ,David_Harvey ,1
John_Stuart_Mill ,Carlos_Vaz_Ferreira ,1
Herbert_Spencer ,Carlos_Vaz_Ferreira ,1
Ren%C3%A9_Gu%C3%A9non ,Huston_Smith ,1
Leo_Strauss ,John_P._Walters ,1
Jean-Jacques_Rousseau ,Juan_Jos%C3%A9_Castelli ,1
Leonard_Peikoff ,David_Kelley ,1
Edmund_Burke ,Roger_Scruton ,1
Franz_Brentano ,Kazimierz_Twardowski ,1
Maine_de_Biran ,Pierre_Janet ,1
Lev_Shestov ,Lucien_L%C3%A9vy-Bruhl ,1
Abul_Ala_Maududi ,Syed_Ali_Shah_Geelani ,1
Arthur_Schopenhauer ,John_N._Gray ,1
Leo_Strauss ,Stanley_Rosen ,1
Pseudo-Dionysius_the_Areopagite ,Meister_Eckhart ,1
Albertus_Magnus____1 ,Meister_Eckhart ,1
Murray_Rothbard ,Stephan_Kinsella ,1
George_Grant_%28philosopher%29 ,William_Christian_%28Canadian_political_scientist%29 ,1
Sextus_Empiricus ,Nassim_Nicholas_Taleb ,1
Josiah_Royce ,Henry_M._Sheffer ,1
Gy%C3%B6rgy_Luk%C3%A1cs ,Lucien_Goldmann ,1
Xenocrates ,Polemon_%28scholarch%29 ,1
Jacques_Ranci%C3%A8re ,Simon_Critchley ,1
Alain_Badiou ,Simon_Critchley ,1
Karl_Marx ,Michael_Taussig ,1
Ren%C3%A9_Descartes ,L%C3%A9on_Brunschvicg ,1
Kazi_Nazrul_Islam ,Bengali_Language_Movement ,1
William_Wollaston ,John_Conybeare ,1
Cornelius_Castoriadis ,Claude_Lefort ,1
Maurice_Merleau-Ponty ,Claude_Lefort ,1
Hannah_Arendt ,Claude_Lefort ,1
Henry_Corbin ,James_Hillman ,1
Crates_of_Thebes ,Hipparchia_of_Maroneia ,1
Euclid_of_Megara ,Stilpo ,1
William_Lane_Craig ,J._P._Moreland ,1
Muhammad_Iqbal ,Khilafat_Movement ,1
Michael_Oakeshott ,Maurice_Cowling ,1
Murray_Rothbard ,Joseph_Sobran ,1
Burhan_al-Din_al-Marghinani ,Ahmed_Raza_Khan_Barelvi ,1
Edmund_Husserl ,Marvin_Farber ,1
Noam_Chomsky ,Norbert_Hornstein ,1
Cornelius_Castoriadis ,Maurice_Brinton ,1
Arthur_Prior ,John_Lemmon ,1
J%C3%BCrgen_Habermas ,Lutz_Wingert ,1
Al-Kindi ,Abu_Zayd_al-Balkhi ,1
Peter_Kropotkin ,Johann_Most ,1
Henri_Bergson ,Jean_Gebser ,1
Friedrich_Wilhelm_Joseph_Schelling ,Emil_Fackenheim ,1
Fazal_Ali_Qureshi ,Abdul_Ghaffar_Naqshbandi ,1
Richard_McKeon ,Paul_Rabinow ,1
Maine_de_Biran ,Maurice_Blondel ,1
%C3%89mile_Boutroux ,Maurice_Blondel ,1
Ernst_Bloch ,Ernesto_Balducci ,1
Hamka ,Indonesian_Ulema_Council ,1
Johannes_Scotus_Eriugena ,Peter_Damian ,1
Max_Stirner ,Post-left_anarchy ,1
Simone_de_Beauvoir ,Sarah_Hoagland ,1
John_Grinder ,Stephen_Gilligan ,1
Alasdair_MacIntyre ,Postliberal_theology ,1
Aristippus ,Aristippus_the_Younger ,1
Herbert_Spencer ,Yan_Fu ,1
Jean_Bodin ,Giovanni_Botero ,1
Milan_Komar ,Alojz_Rebula ,1
Moses_Mendelssohn ,Salomon_Maimon ,1
Karl_Leonhard_Reinhold ,Salomon_Maimon ,1
Murray_Rothbard ,Mark_Thornton ,1
Gottfried_Leibniz ,Bernardino_Varisco ,1
Charles_Hartshorne ,John_B._Cobb ,1
Moritz_Schlick ,Albert_Blumberg ,1
R._Radhakrishnan ,Hussein_Ibish ,1
Qamaruzzaman_Azmi ,Azmi_Maulana_Obaidullah_Khan ,1
Edward_Said ,Joseph_Massad ,1
Emmanuel_Levinas ,Avital_Ronell ,1
Jacques_Ranci%C3%A8re ,Kristin_Ross ,1
Friedrich_Wilhelm_Joseph_Schelling ,Olavo_de_Carvalho ,1
Duns_Scotus ,Olavo_de_Carvalho ,1
Wolfgang_Smith ,Olavo_de_Carvalho ,1
Ernest_Gellner ,Mikhail_Kryukov ,1
Eric_Voegelin ,Ellis_Sandoz ,1
Edmund_Husserl ,Roman_Ingarden ,1
Abdulhakim_Arvasi ,Necip_Faz%C4%B1l_K%C4%B1sak%C3%BCrek ,1
Abdulhakim_Arvasi ,H%C3%BCseyin_Hilmi_I%C5%9F%C4%B1k ,1
Abu_Zayd_al-Balkhi ,Al-Muqaddasi ,1
H._L._A._Hart ,John_Finnis ,1
Muhammad_Iqbal ,Bahadur_Yar_Jung ,1
Michael_Sandel ,Richard_David_Precht ,1
Qalandar_Baba_Auliya ,Khwaja_Shamsuddin_Azimi ,1
Muhammad_Iqbal ,Jawdat_Said ,1
Husain_Ahmed_Madani ,Jamiat_Ulema-e-Hind ,1
Abul_Ala_Maududi ,Mian_Tufail_Mohammad ,1
Georg_Wilhelm_Friedrich_Hegel ,Wolfhart_Pannenberg ,1
H._L._A._Hart ,Brian_Barry ,1
Murray_Rothbard ,Jeffrey_Tucker ,1
Gy%C3%B6rgy_M%C3%A1rkus ,%C3%81gnes_Heller ,1
Peter_Kropotkin ,Maria_Nikiforova ,1
Christian_Wolff_%28philosopher%29 ,Georg_Bernhard_Bilfinger ,1
Carl_Gustav_Hempel ,Jaegwon_Kim ,1
Maurice_Merleau-Ponty ,Gilbert_Simondon ,1
Cornelius_Van_Til ,Greg_Bahnsen ,1
Rousas_John_Rushdoony ,Greg_Bahnsen ,1
John_D._Caputo ,Gianni_Vattimo ,1
Muhammad_Husayn_Tabatabaei ,Henry_Corbin ,1
Jakob_B%C3%B6hme ,John_Pordage ,1
Murray_Rothbard ,Ralph_Raico ,1
Jean-Paul_Sartre ,Andr%C3%A9_Gorz ,1
Ivan_Illich ,Andr%C3%A9_Gorz ,1
Max_Stirner ,Renzo_Novatore ,1
T._K._Seung ,Jack_Balkin ,1
Shah_Abdul_Latif_Bhittai ,Sachal_Sarmast ,1
Burhan_al-Din_al-Marghinani ,Ashraf_Ali_Thanwi ,1
Herbert_Marcuse ,William_Leiss ,1
Murray_Rothbard ,Spencer_Heath ,1
Plotinus ,Neoplatonism_and_Gnosticism ,1
Ahmad_Sirhindi ,Kh%C3%A2lid-i_Baghd%C3%A2d%C3%AE ,1
Gerald_Cohen ,John_Roemer ,1
Suzanne_Briet ,Jesse_Shera ,1
Hilary_Putnam ,Joseph_E._LeDoux ,1
Epicurus ,Catius ,1
Giordano_Bruno ,Nicola_Antonio_Stigliola ,1
Susan_Haack ,Luciano_Floridi ,1
Richard_Popkin ,Luciano_Floridi ,1
Helena_Roerich ,Lyudmila_Zhivkova ,1
Abdul_Ghaffar_Naqshbandi ,Muhammad_Tahir ,1
Shah_Ghulam_Ali_Dehlavi ,Muhammad_Tahir ,1
Allah_Bakhsh ,Muhammad_Tahir ,1
Muhammad_Usman_Damani ,Muhammad_Tahir ,1
Muhammad_Sirajuddin_Naqshbandi ,Muhammad_Tahir ,1
Fazal_Ali_Qureshi ,Muhammad_Tahir ,1
Haji_Dost_Muhammad_Qandhari ,Muhammad_Tahir ,1
Muhammad_Iqbal ,Khalilullah_Khalili ,1
W._D._Ross ,Robert_Audi ,1
H._L._A._Hart ,Stephen_Guest ,1
Abul_Ala_Maududi ,Khurram_Murad ,1
Henri_Bergson ,Vladimir_Jank%C3%A9l%C3%A9vitch ,1
Herbert_Marcuse ,Andrew_Feenberg ,1
Gila_Sher ,John_Etchemendy ,1
Boethius ,Medieval_philosophy ,1
%C3%89tienne_Souriau ,Isabelle_Stengers ,1
Alfred_North_Whitehead ,Isabelle_Stengers ,1
Shibli_Nomani ,Hamiduddin_Farahi ,1
Louis_Althusser ,Michel_P%C3%AAcheux ,1
Jean-Jacques_Rousseau ,Maria_Montessori ,1
Kazi_Nazrul_Islam ,Bangladesh ,1
Friedrich_Nietzsche ,Ludwig_Wittgenstein ,1
Gottlob_Frege ,Ludwig_Wittgenstein ,1
William_James ,Ludwig_Wittgenstein ,1
Frank_P._Ramsey ,Ludwig_Wittgenstein ,1
Arthur_Schopenhauer ,Ludwig_Wittgenstein ,1
G._E._Moore ,Ludwig_Wittgenstein ,1
S%C3%B8ren_Kierkegaard ,Ludwig_Wittgenstein ,1
Baruch_Spinoza ,Ludwig_Wittgenstein ,1
Bertrand_Russell ,Ludwig_Wittgenstein ,1
Otto_Weininger ,Ludwig_Wittgenstein ,1
Plato ,Philosophy ,1
Thomas_Kuhn ,Philosophy ,1
Muhammad_Hamidullah ,International_law ,1
Plato ,Aristotle ,1
Zeno_of_Elea ,Aristotle ,1
Democritus ,Aristotle ,1
Empedocles ,Aristotle ,1
Heraclitus ,Aristotle ,1
Parmenides ,Aristotle ,1
Socrates ,Aristotle ,1
George_Berkeley ,Arthur_Schopenhauer ,1
Giordano_Bruno ,Arthur_Schopenhauer ,1
Plato ,Arthur_Schopenhauer ,1
David_Hume ,Arthur_Schopenhauer ,1
John_Locke ,Arthur_Schopenhauer ,1
Jakob_B%C3%B6hme ,Arthur_Schopenhauer ,1
Baruch_Spinoza ,Arthur_Schopenhauer ,1
Immanuel_Kant ,Arthur_Schopenhauer ,1
Plotinus ,Arthur_Schopenhauer ,1
Rudolf_Steiner ,Albert_Schweitzer ,1
Bernard_Mandeville ,Adam_Smith ,1
William_Petty ,Adam_Smith ,1
Anders_Chydenius ,Adam_Smith ,1
David_Hume ,Adam_Smith ,1
John_Locke ,Adam_Smith ,1
Francis_Hutcheson_%28philosopher%29 ,Adam_Smith ,1
Joseph_Butler____1 ,Adam_Smith ,1
George_Berkeley ,A._J._Ayer ,1
David_Hume ,A._J._Ayer ,1
C._D._Broad ,A._J._Ayer ,1
Immanuel_Kant ,A._J._Ayer ,1
Gilbert_Ryle ,A._J._Ayer ,1
Plato ,Augustine_of_Hippo ,1
Plotinus ,Augustine_of_Hippo ,1
Joseph_Butler____1 ,C._S._Lewis ,1
Friedrich_Nietzsche ,Carl_Rogers ,1
George_Berkeley ,David_Hume ,1
Pyrrho ,David_Hume ,1
John_Locke ,David_Hume ,1
Epicurus ,David_Hume ,1
Gottfried_Leibniz ,David_Hume ,1
Niccol%C3%B2_Machiavelli ,David_Hume ,1
Montesquieu ,David_Hume ,1
Nicolas_Malebranche ,David_Hume ,1
Sextus_Empiricus ,David_Hume ,1
Francis_Hutcheson_%28philosopher%29 ,David_Hume ,1
Joseph_Butler____1 ,David_Hume ,1
Leucippus ,Democritus ,1
David_Hume ,Daniel_Dennett ,1
Hilary_Putnam ,Daniel_Dennett ,1
Gilbert_Ryle ,Daniel_Dennett ,1
Pythagoras ,Empedocles ,1
Pierre-Joseph_Proudhon ,Emma_Goldman ,1
Peter_Kropotkin ,Emma_Goldman ,1
Max_Stirner ,Emma_Goldman ,1
Euclid_of_Megara ,Eubulides ,1
Arthur_Schopenhauer ,Erwin_Schr%C3%B6dinger ,1
Zeno_of_Citium ,Epictetus ,1
Jean-Jacques_Rousseau ,French_Revolution ,1
Niccol%C3%B2_Machiavelli ,Francis_Bacon ,1
Thomas_Reid ,G._E._Moore ,1
J%C3%BCrgen_Habermas ,Georg_Henrik_von_Wright ,1
Friedrich_Nietzsche ,Gilles_Deleuze ,1
Georg_Wilhelm_Friedrich_Hegel ,Gilles_Deleuze ,1
Duns_Scotus ,Gilles_Deleuze ,1
Salomon_Maimon ,Gilles_Deleuze ,1
Gilbert_Simondon ,Gilles_Deleuze ,1
David_Hume ,Gilles_Deleuze ,1
Karl_Marx ,Gilles_Deleuze ,1
Maurice_Merleau-Ponty ,Gilles_Deleuze ,1
Alfred_North_Whitehead ,Gilles_Deleuze ,1
Baruch_Spinoza ,Gilles_Deleuze ,1
F%C3%A9lix_Guattari ,Gilles_Deleuze ,1
Henri_Bergson ,Gilles_Deleuze ,1
Immanuel_Kant ,Gilles_Deleuze ,1
Gottlob_Frege ,Giuseppe_Peano ,1
Friedrich_Nietzsche ,H._P._Lovecraft ,1
Hugo_Grotius ,John_Locke ,1
John_Selden ,John_Locke ,1
Ren%C3%A9_Descartes ,John_Locke ,1
Thomas_Hobbes ,John_Locke ,1
Georg_Wilhelm_Friedrich_Hegel ,John_Dewey ,1
William_James ,John_Dewey ,1
William_of_Ockham ,John_Wycliffe ,1
Hannah_Arendt ,Julia_Kristeva ,1
Edmund_Burke ,Karl_Popper ,1
John_Stuart_Mill ,Karl_Popper ,1
Arthur_Schopenhauer ,Karl_Popper ,1
David_Hume ,Karl_Popper ,1
Heraclitus ,Karl_Popper ,1
Bertrand_Russell ,Karl_Popper ,1
Immanuel_Kant ,Karl_Popper ,1
Georg_Wilhelm_Friedrich_Hegel ,Karl_Marx ,1
Pierre-Joseph_Proudhon ,Karl_Marx ,1
Jean-Jacques_Rousseau ,Karl_Marx ,1
William_Petty ,Karl_Marx ,1
Auguste_Comte ,Karl_Marx ,1
Baron_d%27Holbach ,Karl_Marx ,1
Baruch_Spinoza ,Karl_Marx ,1
Epicurus ,Karl_Marx ,1
Max_Stirner ,Karl_Marx ,1
Ludwig_Feuerbach ,Karl_Marx ,1
Karl_Marx ,CategoryMarxists ,1
Friedrich_Engels ,CategoryMarxists ,1
Arthur_Schopenhauer ,Knut_Hamsun ,1
Jean-Paul_Sartre ,Maurice_Merleau-Ponty ,1
Edmund_Husserl ,Maurice_Merleau-Ponty ,1
Alfred_North_Whitehead ,Maurice_Merleau-Ponty ,1
Henri_Bergson ,Maurice_Merleau-Ponty ,1
Hannah_Arendt ,Maurice_Merleau-Ponty ,1
Aristotle ,Maimonides ,1
Averroes ,Maimonides ,1
Alexis_de_Tocqueville ,Max_Weber ,1
Alexander_Herzen ,Mao_Zedong ,1
Karl_Marx ,Mao_Zedong ,1
Friedrich_Engels ,Mao_Zedong ,1
Herbert_Spencer ,Murray_Rothbard ,1
Frank_Fetter ,Murray_Rothbard ,1
Henry_Sidgwick ,Mordecai_Kaplan ,1
William_James ,Mordecai_Kaplan ,1
Alfred_North_Whitehead ,Mordecai_Kaplan ,1
Baruch_Spinoza ,Mordecai_Kaplan ,1
Hazrat_Babajan ,Meher_Baba ,1
Upasni_Maharaj ,Meher_Baba ,1
Peter_Kropotkin ,Oscar_Wilde ,1
Thales ,Pythagoras ,1
Anaximander ,Pythagoras ,1
Pherecydes_of_Syros ,Pythagoras ,1
Heraclitus ,Parmenides ,1
Pythagoras ,Parmenides ,1
Proclus ,Pseudo-Dionysius_the_Areopagite ,1
Plotinus ,Pseudo-Dionysius_the_Areopagite ,1
Zeno_of_Elea ,Protagoras ,1
Duns_Scotus ,Pope_Sixtus_IV ,1
Plato ,Ren%C3%A9_Descartes ,1
Francisco_Su%C3%A1rez ,Ren%C3%A9_Descartes ,1
Duns_Scotus ,Ren%C3%A9_Descartes ,1
Michel_de_Montaigne ,Ren%C3%A9_Descartes ,1
Sextus_Empiricus ,Ren%C3%A9_Descartes ,1
Daniel_Dennett ,Richard_Dawkins ,1
Richard_McKeon ,Robert_M._Pirsig ,1
Georg_Wilhelm_Friedrich_Hegel ,S%C3%B8ren_Kierkegaard ,1
Friedrich_Wilhelm_Joseph_Schelling ,S%C3%B8ren_Kierkegaard ,1
Arthur_Schopenhauer ,S%C3%B8ren_Kierkegaard ,1
Friedrich_Heinrich_Jacobi ,S%C3%B8ren_Kierkegaard ,1
Immanuel_Kant ,S%C3%B8ren_Kierkegaard ,1
Friedrich_Adolf_Trendelenburg ,S%C3%B8ren_Kierkegaard ,1
Christian_Molbech ,S%C3%B8ren_Kierkegaard ,1
Roy_Johnston ,Sinn_F%C3%A9in ,1
Friedrich_Nietzsche ,Theodor_W._Adorno ,1
Georg_Wilhelm_Friedrich_Hegel ,Theodor_W._Adorno ,1
Max_Horkheimer ,Theodor_W._Adorno ,1
Edmund_Husserl ,Theodor_W._Adorno ,1
Walter_Benjamin ,Theodor_W._Adorno ,1
Niccol%C3%B2_Machiavelli ,Vilfredo_Pareto ,1
Thomas_Reid ,William_Alston ,1
J._L._Austin ,William_Alston ,1
Christian_Jakob_Kraus ,Wilhelm_von_Humboldt ,1
S%C3%B8ren_Kierkegaard ,W._H._Auden ,1
Edmund_Burke ,W._B._Yeats ,1
Stilpo ,Zeno_of_Citium ,1
Crates_of_Thebes ,Zeno_of_Citium ,1
Democritus ,Lucretius ,1
Empedocles ,Lucretius ,1
Epicurus ,Lucretius ,1
Zeno_of_Citium ,Chrysippus ,1
Cleanthes ,Chrysippus ,1
John_Stuart_Mill ,John_Maynard_Keynes ,1
William_Petty ,John_Maynard_Keynes ,1
Theognostus_of_Alexandria ,Gregory_of_Nyssa ,1
Jean-Jacques_Rousseau ,%C3%89mile_Durkheim ,1
William_James ,%C3%89mile_Durkheim ,1
Herbert_Spencer ,%C3%89mile_Durkheim ,1
Ren%C3%A9_Descartes ,%C3%89mile_Durkheim ,1
Auguste_Comte ,%C3%89mile_Durkheim ,1
Immanuel_Kant ,%C3%89mile_Durkheim ,1
Montesquieu ,%C3%89mile_Durkheim ,1
Thomas_Kuhn ,Imre_Lakatos ,1
Paul_Feyerabend ,Imre_Lakatos ,1
Friedrich_Nietzsche ,Carl_Jung ,1
Arthur_Schopenhauer ,Carl_Jung ,1
Immanuel_Kant ,Carl_Jung ,1
Emanuel_Swedenborg ,Carl_Jung ,1
Albert_Camus ,Richard_Wright_%28author%29 ,1
Heraclitus ,Alfred_North_Whitehead ,1
Henri_Bergson ,Alfred_North_Whitehead ,1
Confucius ,Ezra_Pound ,1
Archytas ,Eudoxus_of_Cnidus ,1
Karl_Marx ,Nicolae_Ceau%C8%99escu ,1
Herbert_Marcuse ,Abbie_Hoffman ,1
Marshall_McLuhan ,Abbie_Hoffman ,1
Herbert_McCabe ,Seamus_Heaney ,1
Alfred_North_Whitehead ,Talcott_Parsons ,1
Friedrich_Nietzsche ,H._L._Mencken ,1
George_Berkeley ,Ernst_Mach ,1
Peter_Kropotkin ,Bob_Black ,1
Herbert_Marcuse ,Bob_Black ,1
Raoul_Vaneigem ,Bob_Black ,1
Max_Stirner ,Bob_Black ,1
Ivan_Illich ,Bob_Black ,1
Otto_Weininger ,Georg_Trakl ,1
Michel_de_Montaigne ,Gore_Vidal ,1
William_James ,Hilary_Putnam ,1
Immanuel_Kant ,Hilary_Putnam ,1
Willard_Van_Orman_Quine ,Hilary_Putnam ,1
Nelson_Goodman ,Hilary_Putnam ,1
Stilpo ,Crates_of_Thebes ,1
Antisthenes ,Crates_of_Thebes ,1
Diogenes_of_Sinope ,Crates_of_Thebes ,1
Plotinus ,Simplicius_of_Cilicia ,1
S%C3%B8ren_Kierkegaard ,Dietrich_Bonhoeffer ,1
Zeno_of_Citium ,Posidonius ,1
Panaetius ,Posidonius ,1
Jean-Paul_Sartre ,Doris_Lessing ,1
Peter_Kropotkin ,Colin_Ward ,1
Edmund_Husserl ,Alfred_Sch%C3%BCtz ,1
Henry_Sidgwick ,John_Rawls ,1
John_Stuart_Mill ,John_Rawls ,1
Jean-Jacques_Rousseau ,John_Rawls ,1
H._L._A._Hart ,John_Rawls ,1
Immanuel_Kant ,John_Rawls ,1
Johann_Gottlieb_Fichte ,Thomas_Carlyle ,1
Jean-Jacques_Rousseau ,Auguste_Comte ,1
David_Hume ,Auguste_Comte ,1
Terence_McKenna ,Rupert_Sheldrake ,1
Thomas_Paine ,William_Godwin ,1
Peter_Deunov ,Paramahansa_Yogananda ,1
Joseph_de_Maistre ,Jules_Am%C3%A9d%C3%A9e_Barbey_d%27Aurevilly ,1
Georg_Wilhelm_Friedrich_Hegel ,Murray_Bookchin ,1
Peter_Kropotkin ,Murray_Bookchin ,1
Karl_Marx ,Murray_Bookchin ,1
Hans_Jonas ,Murray_Bookchin ,1
Baruch_Spinoza ,Murray_Bookchin ,1
Max_Stirner ,Ernst_J%C3%BCnger ,1
Alexander_Herzen ,Isaiah_Berlin ,1
Cornelius_Castoriadis ,Guy_Debord ,1
Henri_Lefebvre ,Guy_Debord ,1
Karl_Marx ,Guy_Debord ,1
Friedrich_Engels ,Guy_Debord ,1
Gy%C3%B6rgy_Luk%C3%A1cs ,Guy_Debord ,1
Asclepiodotus_of_Alexandria ,Damascius ,1
Proclus ,Damascius ,1
Plotinus ,Damascius ,1
Arthur_Schopenhauer ,Clarence_Darrow ,1
Emanuel_Swedenborg ,Johnny_Appleseed ,1
Ram%C3%B3n_Xirau ,Octavio_Paz ,1
George_Gurdjieff ,Katherine_Mansfield ,1
Giovanni_Pico_della_Mirandola ,John_Colet ,1
Jean-Jacques_Rousseau ,Alexis_de_Tocqueville ,1
Montesquieu ,Alexis_de_Tocqueville ,1
Hugo_Grotius ,Giambattista_Vico ,1
John_Selden ,Giambattista_Vico ,1
Gottfried_Leibniz ,Giambattista_Vico ,1
Niccol%C3%B2_Machiavelli ,Giambattista_Vico ,1
Nicolas_Malebranche ,Giambattista_Vico ,1
Aristotle ,Jewish_philosophy ,1
George_Gurdjieff ,Colin_Wilson ,1
Antonio_Gramsci ,Raymond_Williams ,1
Pyrrho ,Arcesilaus ,1
Zeno_of_Citium ,Cleanthes ,1
Stilpo ,Menedemus ,1
Speusippus ,Xenocrates ,1
Thomas_Reid ,David_Hartley_%28philosopher%29 ,1
Max_Stirner ,Hakim_Bey ,1
Peter_Deunov ,Jiddu_Krishnamurti ,1
Jun_Tsuji ,Eisuke_Yoshiyuki ,1
Harry_Frankfurt ,Susan_Wolf ,1
David_Hume ,Baron_d%27Holbach ,1
Niccol%C3%B2_Machiavelli ,John_Adams ,1
William_James ,Alan_Watts ,1
Francisco_Su%C3%A1rez ,Christian_Wolff_%28philosopher%29 ,1
Confucius ,Christian_Wolff_%28philosopher%29 ,1
Gottfried_Leibniz ,Christian_Wolff_%28philosopher%29 ,1
Herbert_Spencer ,Grant_Allen ,1
George_Boole ,William_Stanley_Jevons ,1
Ka%27ab_al-Ahbar ,Muawiyah_I ,1
George_Gurdjieff ,Keith_Jarrett ,1
Wilfrid_Sellars ,John_McDowell ,1
Donald_Davidson_%28philosopher%29 ,John_McDowell ,1
Philippa_Foot ,John_McDowell ,1
Immanuel_Kant ,John_McDowell ,1
George_Gurdjieff ,Jeanne_de_Salzmann ,1
George_Gurdjieff ,P._L._Travers ,1
George_Gurdjieff ,P._D._Ouspensky ,1
Zhuangzi ,Chinese_Buddhism ,1
Thomas_Paine ,Moncure_D._Conway ,1
Ren%C3%A9_Descartes ,Antoine_Arnauld ,1
Friedrich_Nietzsche ,Martin_Buber ,1
A._D._Gordon ,Martin_Buber ,1
S%C3%B8ren_Kierkegaard ,Martin_Buber ,1
Ludwig_Feuerbach ,Martin_Buber ,1
Georg_Wilhelm_Friedrich_Hegel ,Karl_Barth ,1
Friedrich_Schleiermacher ,Karl_Barth ,1
S%C3%B8ren_Kierkegaard ,Karl_Barth ,1
John_Grinder ,Richard_Bandler ,1
Pythagoras ,Philolaus ,1
Epictetus ,Albert_Ellis_%28psychologist%29 ,1
Henry_Sidgwick ,R._M._Hare ,1
A._J._Ayer ,R._M._Hare ,1
J._L._Austin ,R._M._Hare ,1
Gilbert_Ryle ,R._M._Hare ,1
S%C3%B8ren_Kierkegaard ,Rollo_May ,1
Socrates ,Aristippus ,1
Maimonides ,Jean_Bodin ,1
John_Stuart_Mill ,Ronald_Dworkin ,1
H._L._A._Hart ,Ronald_Dworkin ,1
Lon_L._Fuller ,Ronald_Dworkin ,1
Philippa_Foot ,Rosalind_Hursthouse ,1
G._E._Moore ,Max_Black ,1
Niccol%C3%B2_Machiavelli ,James_Harrington_%28author%29 ,1
Porphyry_%28philosopher%29 ,Aristotelianism ,1
Jean-Paul_Sartre ,Kenzabur%C5%8D_%C5%8Ce ,1
Arthur_Schopenhauer ,Jacob_Burckhardt ,1
Hans_Kelsen ,H._L._A._Hart ,1
John_Stuart_Mill ,H._L._A._Hart ,1
J._L._Austin ,H._L._A._Hart ,1
Lev_Shestov ,Nikolai_Berdyaev ,1
Vladimir_Solovyov_%28philosopher%29 ,Nikolai_Berdyaev ,1
Suzanne_Briet ,S._R._Ranganathan ,1
Arthur_Schopenhauer ,Joaquim_Maria_Machado_de_Assis ,1
Frank_P._Ramsey ,Susan_Haack ,1
Ren%C3%A9_Descartes ,Henry_More ,1
J._L._Austin ,Paul_Grice ,1
Desiderius_Erasmus ,Dami%C3%A3o_de_G%C3%B3is ,1
Jean-Jacques_Rousseau ,Mary_Shelley ,1
Ibn_Khaldun ,Al-Maqrizi ,1
Zhu_Xi ,Tu_Weiming ,1
Peter_Kropotkin ,CrimethInc. ,1
John_Zerzan ,CrimethInc. ,1
Raoul_Vaneigem ,CrimethInc. ,1
Bob_Black ,CrimethInc. ,1
Wolfi_Landstreicher ,CrimethInc. ,1
Jean-Paul_Sartre ,Fredric_Jameson ,1
Louis_Althusser ,Fredric_Jameson ,1
Kazi_Nazrul_Islam ,Bengali_poetry ,1
Muhsin_al-Hakim ,Abdul_Aziz_al-Hakim ,1
Albert_Camus ,Orhan_Pamuk ,1
Franz_Brentano ,Alexius_Meinong ,1
Arthur_Schopenhauer ,Karl_Kraus ,1
Otto_Weininger ,Karl_Kraus ,1
Noam_Chomsky ,Tanya_Reinhart ,1
H._L._A._Hart ,Neil_MacCormick ,1
Thomas_Hobbes ,Sociology ,1
Johannes_Scotus_Eriugena ,Thomas_Aquinas ,1
Aristotle ,Thomas_Aquinas ,1
Maimonides ,Thomas_Aquinas ,1
Averroes ,Thomas_Aquinas ,1
Boethius ,Thomas_Aquinas ,1
Albertus_Magnus____1 ,Thomas_Aquinas ,1
Anselm_of_Canterbury____1 ,Thomas_Aquinas ,1
Peter_Kropotkin ,Alexander_Berkman ,1
Karl_Marx ,Karl_Korsch ,1
Herbert_Spencer ,Auberon_Herbert ,1
Bayazid_Bastami ,Mansur_Al-Hallaj ,1
Gaetano_Mosca ,Robert_Michels ,1
Alfred_North_Whitehead ,Hans_Jonas ,1
Al-Dhahabi ,Ibn_Kathir ,1
Ibn_Qayyim_Al-Jawziyya ,Ibn_Kathir ,1
Yusuf_ibn_Abd_al-Rahman_al-Mizzi ,Ibn_Kathir ,1
Allan_Bloom ,Alan_Keyes ,1
Dan_Goldstick ,Miguel_Figueroa ,1
Murray_Rothbard ,Justin_Raimondo ,1
Syed_Ahmed_Khan ,All-India_Muslim_League ,1
J%C3%BCrgen_Habermas ,Antanas_Mockus ,1
Hugo_Grotius ,Founding_Fathers_of_the_United_States ,1
John_Locke ,Founding_Fathers_of_the_United_States ,1
Georg_Wilhelm_Friedrich_Hegel ,Evald_Ilyenkov ,1
Friedrich_Nietzsche ,Bernard_Williams ,1
Philippa_Foot ,Bernard_Williams ,1
Jakob_B%C3%B6hme ,William_Law ,1
Immanuel_Kant ,Ernst_Cassirer ,1
Baruch_Spinoza ,Michael_Hardt ,1
F%C3%A9lix_Guattari ,Michael_Hardt ,1
Slavoj_%C5%BDi%C5%BEek ,Michael_Hardt ,1
Antonio_Negri ,Michael_Hardt ,1
Josiah_Royce ,Brand_Blanshard ,1
S%C3%B8ren_Kierkegaard ,Gabriel_Marcel ,1
Samuel_Alexander ,Whitehead ,1
Arcesilaus ,Lacydes_of_Cyrene ,1
Antonio_Gramsci ,Cornel_West ,1
Plotinus ,Porphyry_%28philosopher%29 ,1
Arthur_Schopenhauer ,Thomas_Ligotti ,1
Cesare_Cremonini_%28philosopher%29 ,Libertine ,1
Arthur_Schopenhauer ,Karl_Robert_Eduard_von_Hartmann ,1
Judith_Butler ,Lauren_Berlant ,1
Philippa_Foot ,Michael_Slote ,1
Edmund_Husserl ,Jean-Luc_Marion ,1
Murray_Rothbard ,Robert_P._Murphy ,1
John_D._Caputo ,Richard_Kearney ,1
Anaxagoras ,Archelaus_%28philosopher%29 ,1
Joseph_de_Maistre ,Louis_Gabriel_Ambroise_de_Bonald ,1
Gottfried_Leibniz ,Louis_Gabriel_Ambroise_de_Bonald ,1
Samuel_Alexander ,John_Anderson_%28philosopher%29 ,1
Noam_Chomsky ,Colin_McGinn ,1
P._F._Strawson ,Colin_McGinn ,1
Donald_Davidson_%28philosopher%29 ,Colin_McGinn ,1
Arda_Denkel ,Colin_McGinn ,1
Kenneth_Waltz ,Joseph_Nye ,1
Peter_Kropotkin ,Ricardo_Flores_Mag%C3%B3n ,1
Shibli_Nomani ,Abul_Kalam_Azad ,1
Friedrich_Nietzsche ,Hubert_Dreyfus ,1
Maurice_Merleau-Ponty ,Hubert_Dreyfus ,1
Kam%C4%81l_al-D%C4%ABn_F%C4%81ris%C4%AB ,Qotb_al-Din_Shirazi ,1
Cornelius_Van_Til ,John_Frame ,1
Clarence_Irving_Lewis ,Robert_Paul_Wolff ,1
Kuki_Sh%C5%ABz%C5%8D ,Takeo_Doi ,1
Ernest_Gellner ,Michael_Mann_%28sociologist%29 ,1
Noam_Chomsky ,Robert_Lees_%28linguist%29 ,1
Pyrrho ,Timon_of_Phlius ,1
John_Grinder ,Brief_psychotherapy ,1
William_James ,Morris_Raphael_Cohen ,1
Josiah_Royce ,Morris_Raphael_Cohen ,1
Plotinus ,Iamblichus ,1
Noam_Chomsky ,Derek_Bickerton ,1
Ivan_Illich ,Wolfgang_Sachs ,1
Hannah_Arendt ,Richard_Sennett ,1
Henry_Corbin ,Kathleen_Raine ,1
Pierre_Bourdieu ,Michel_de_Certeau ,1
T._K._Seung ,David_Williams ,1
Max_Stirner ,Saul_Newman ,1
Donald_Davidson_%28philosopher%29 ,Jennifer_Hornsby ,1
Bernard_Williams ,Jennifer_Hornsby ,1
Wolfi_Landstreicher ,Insurrectionary_anarchism ,1
Jean-Paul_Sartre ,Che_Guevara ,1
Alexander_Herzen ,Che_Guevara ,1
Karl_Marx ,Che_Guevara ,1
Friedrich_Engels ,Che_Guevara ,1
Franz_Brentano ,Christian_von_Ehrenfels ,1
Georg_Wilhelm_Friedrich_Hegel ,Robert_Brandom ,1
Richard_Rorty ,Robert_Brandom ,1
Wilfrid_Sellars ,Robert_Brandom ,1
Donald_Davidson_%28philosopher%29 ,Robert_Brandom ,1
Gottfried_Leibniz ,Ru%C4%91er_Bo%C5%A1kovi%C4%87 ,1
S%C3%B8ren_Kierkegaard ,Emil_Brunner ,1
Martin_Buber ,Emil_Brunner ,1
Jan_Hus ,Jerome_of_Prague ,1
Hans_Jonas ,Leon_Kass ,1
P._F._Strawson ,Ted_Honderich ,1
A._J._Ayer ,Ted_Honderich ,1
Arda_Denkel ,Ted_Honderich ,1
Juan_V%C3%A1zquez_de_Mella ,Osvaldo_Lira ,1
Crates_of_Thebes ,Metrocles ,1
Giovanni_Gentile ,William_Ernest_Hocking ,1
William_Lane_Craig ,Francis_J._Beckwith ,1
Gerald_Cohen ,Jon_Elster ,1
Peter_Deunov ,Omraam_Mikha%C3%ABl_A%C3%AFvanhov ,1
George_Santayana ,Naturalism_%28philosophy%29 ,1
Ghulam_Bhik_Nairang ,Pakistan_Movement ,1
Edmund_Husserl ,Leszek_Ko%C5%82akowski ,1
John_Stuart_Mill ,Norman_Finkelstein ,1
Noam_Chomsky ,Norman_Finkelstein ,1
Joseph_de_Maistre ,Karl_Ludwig_von_Haller ,1
Pyrrho ,Crates_of_Athens ,1
Jean-Paul_Sartre ,Roberto_Mangabeira_Unger ,1
Arthur_Schopenhauer ,Susanne_Langer ,1
Alfred_North_Whitehead ,Susanne_Langer ,1
George_Gurdjieff ,"Henry_Sinclair,_2nd_Baron_Pentland ",1
Pyrrho ,Carneades ,1
Arcesilaus ,Carneades ,1
Susanne_Langer ,Bernard_Lonergan ,1
Herbert_Marcuse ,Douglas_Kellner ,1
Pierre_Duhem ,John_Worrall_%28philosopher%29 ,1
Al-Jahiz ,Ibn_Tufail ,1
Hilary_Putnam ,Ned_Block ,1
Ernest_Gellner ,Adam_Kuper ,1
Noam_Chomsky ,Mark_Baker_%28linguist%29 ,1
Taha_Hussein ,Tahar_Ben_Jelloun ,1
Alfred_North_Whitehead ,Jean_Wahl ,1
Qamaruzzaman_Azmi ,World_Islamic_Mission ,1
Shibli_Nomani ,Amin_Ahsan_Islahi ,1
Edward_Said ,John_Esposito ,1
John_Selden ,Great_Tew ,1
H._L._A._Hart ,Joseph_Raz ,1
Ivan_Illich ,Lee_Felsenstein ,1
Meister_Eckhart ,Henry_Suso ,1
Epictetus ,Junius_Rusticus ,1
George_Santayana ,John_Lachs ,1
Peter_Kropotkin ,L._Susan_Brown ,1
Peter_Kropotkin ,Jean_Grave ,1
Edmund_Husserl ,Bernard_Stiegler ,1
Gilbert_Simondon ,Bernard_Stiegler ,1
Ernest_Gellner ,Valery_Tishkov ,1
Herbert_Spencer ,Roderick_Long ,1
Murray_Rothbard ,Roderick_Long ,1
Robert_Nozick ,Roderick_Long ,1
Mirza_Mazhar_Jan-e-Janaan ,Shah_Waliullah ,1
Pythagoras ,Alcmaeon_of_Croton ,1
Raoul_Vaneigem ,Wolfi_Landstreicher ,1
Renzo_Novatore ,Wolfi_Landstreicher ,1
Max_Stirner ,Wolfi_Landstreicher ,1
Zhu_Xi ,Wang_Fuzhi ,1
Evan_Thompson ,Dan_Zahavi ,1
Alejandro_Korn ,Pedro_Henr%C3%ADquez_Ure%C3%B1a ,1
Wilhelm_Dilthey ,Georg_Misch ,1
Boethius ,Peter_Abelard ,1
Frank_Fetter ,Richard_Ebeling ,1
Abul_Ala_Maududi ,Qazi_Hussain_Ahmad ,1
Donald_Davidson_%28philosopher%29 ,Ernest_Lepore ,1
Jerry_Fodor ,Ernest_Lepore ,1
Otto_Neurath ,Berlin_Circle ,1
Hans_Reichenbach ,Berlin_Circle ,1
Kurt_Grelling ,Berlin_Circle ,1
Zeno_of_Citium ,Panaetius ,1
Maine_de_Biran ,Michel_Henry ,1
Qamaruzzaman_Azmi ,Waqar_Azmi ,1
R._Radhakrishnan ,Brenda_Marshall ,1
Arthur_Schopenhauer ,Jules_Laforgue ,1
Jean_Baudrillard ,Giannina_Braschi ,1
Hugo_Grotius ,Emerich_de_Vattel ,1
Charles_Hartshorne ,David_Ray_Griffin ,1
John_Anderson_%28philosopher%29 ,John_Passmore ,1
Judith_Butler ,Jos%C3%A9_Esteban_Mu%C3%B1oz ,1
%C3%89mile_Armand ,Maria_Lacerda_de_Moura ,1
Han_Ryner ,Maria_Lacerda_de_Moura ,1
Hannah_Arendt ,Philip_Pettit ,1
G._E._Moore ,W._D._Ross ,1
Niccol%C3%B2_Machiavelli ,Vincenzo_Cuoco ,1
Friedrich_Nietzsche ,Michel_Onfray ,1
Georges_Palante ,Michel_Onfray ,1
Michel_de_Montaigne ,Michel_Onfray ,1
Epicurus ,Michel_Onfray ,1
Han_Ryner ,Michel_Onfray ,1
Archytas ,Menaechmus ,1
Gordon_Clark ,John_Gerstner ,1
Abul_Ala_Maududi ,Ghulam_Azam ,1
Ren%C3%A9_Gu%C3%A9non ,Martin_Lings ,1
Herbert_Spencer ,Tokutomi_Soh%C5%8D ,1
Mirza_Mazhar_Jan-e-Janaan ,Ibn_Abidin ,1
Al-Kindi ,Ebn_Meskavayh ,1
Al-Jahiz ,Ebn_Meskavayh ,1
Muhammad_Husayn_Tabatabaei ,Abdollah_Javadi-Amoli ,1
Max_Stirner ,Steven_T._Byington ,1
Hugo_Grotius ,Cornelius_van_Bynkershoek ,1
Posidonius ,Cleomedes ,1
Josiah_Warren ,William_Batchelder_Greene ,1
Muhammad_Husayn_Tabatabaei ,Musa_al-Sadr ,1
Epicurus ,Hermarchus ,1
Kenneth_Waltz ,Robert_Keohane ,1
F%C3%A9lix_Guattari ,Brian_Massumi ,1
Ernest_Gellner ,Jos%C3%A9_Guilherme_Merquior ,1
Akhtar_Raza_Khan ,Muhammad_Sayyid_Tantawy ,1
Aristippus ,Anniceris ,1
Renzo_Novatore ,Severino_Di_Giovanni ,1
Zeno_of_Sidon ,Philodemus ,1
Epicurus ,Philodemus ,1
George_Boole ,William_Ernest_Johnson ,1
Muhammad_Hamidullah ,Contemporary_Islamic_philosophy ,1
Alain_Badiou ,Sylvain_Lazarus ,1
Niccol%C3%B2_Machiavelli ,Realism_%28international_relations%29 ,1
Plotinus ,Platonism_in_the_Renaissance ,1
Abul_Ala_Maududi ,Yusuf_Islahi ,1
Abu_Zayd_al-Balkhi ,Ibn_Hawqal ,1
Kendall_Walton ,Chris_Bateman ,1
Shibli_Nomani ,Javed_Ahmad_Ghamidi ,1
Amin_Ahsan_Islahi ,Javed_Ahmad_Ghamidi ,1
Pierre-Joseph_Proudhon ,%C3%89douard_Depreux ,1
Willard_Van_Orman_Quine ,Gila_Sher ,1
Ren%C3%A9_Gu%C3%A9non ,Charles_le_Gai_Eaton ,1
Karl_Jaspers ,William_A._Earle ,1
%C3%89mile_Armand ,Iniciales ,1
Han_Ryner ,Iniciales ,1
Muhammad_Husayn_Tabatabaei ,Ebrahim_Amini ,1
Richard_Swinburne ,Keith_Ward ,1
Epicurus ,Amafinius ,1
Hannah_Arendt ,Elisabeth_Young-Bruehl ,1
Murray_Rothbard ,Bernard_von_NotHaus ,1
Robert_Brandom ,Mark_Lance ,1
Antonio_Negri ,Richard_J._F._Day ,1
Euclid_of_Megara ,Clinomachus ,1
Ibn_Hajar_al-Asqalani ,Al-Sakhawi ,1
Imre_Lakatos ,Nancey_Murphy ,1
Stanley_Cavell ,Paul_Guyer ,1
Ahmad_Sirhindi ,Abdulhakim_Arvasi ,1
Kitaro_Nishida ,Shin%27ichi_Hisamatsu ,1
Ernest_Gellner ,Alan_Macfarlane ,1
Ren%C3%A9_Gu%C3%A9non ,Michel_Valsan ,1
Marshall_McLuhan ,B._W._Powe ,1
Jean-Jacques_Rousseau ,Galvano_Della_Volpe ,1
Hamka ,Muhammadiyah ,1
Leo_Strauss ,Seth_Benardete ,1
Ata_ibn_Abi_Rabah ,Ibn_Jurayj ,1
Al-Hasan_ibn_%27Ali_al-Barbahari ,Ibn_Battah ,1
Antisthenes ,Cynicism ,1
Diogenes_of_Sinope ,Cynicism ,1
Thomas_Hobbes ,Political_philosophy ,1
George_Campbell_%28Presbyterian_minister%29 ,Rhetoric ,1
Fethullah_G%C3%BClen ,Turkish_people ,1
Plato ,Theology ,1
Mary_Baker_Eddy ,Theology ,1
Friedrich_Nietzsche ,Ayn_Rand ,1
Nikolay_Lossky ,Ayn_Rand ,1
Abu_Zayd_al-Balkhi ,Avicenna ,1
Aristotle ,Avicenna ,1
Thales ,Anaximander ,1
Theophrastus ,Alexander_of_Aphrodisias ,1
Johannes_Scotus_Eriugena ,Amalric_of_Bena ,1
Giordano_Bruno ,Baruch_Spinoza ,1
Maimonides ,Baruch_Spinoza ,1
Parmenides ,Baruch_Spinoza ,1
Ren%C3%A9_Descartes ,Baruch_Spinoza ,1
Thomas_Hobbes ,Baruch_Spinoza ,1
Michel_de_Montaigne ,Blaise_Pascal ,1
Ren%C3%A9_Descartes ,Blaise_Pascal ,1
Plato ,Bertrand_Russell ,1
Gottlob_Frege ,Bertrand_Russell ,1
John_Stuart_Mill ,Bertrand_Russell ,1
George_Santayana ,Bertrand_Russell ,1
David_Hume ,Bertrand_Russell ,1
G._E._Moore ,Bertrand_Russell ,1
Alfred_North_Whitehead ,Bertrand_Russell ,1
Alexius_Meinong ,Bertrand_Russell ,1
Christoph_von_Sigwart ,Bertrand_Russell ,1
Gottfried_Leibniz ,Bertrand_Russell ,1
Thomas_Paine ,Bertrand_Russell ,1
George_Boole ,Bertrand_Russell ,1
Hermann_Lotze ,Bertrand_Russell ,1
Richard_McKeon ,Bertrand_Russell ,1
Alfred_North_Whitehead ,B._F._Skinner ,1
Michel_de_Montaigne ,Eric_Hoffer ,1
Pyrrho ,Epicurus ,1
Democritus ,Epicurus ,1
Aristippus ,Epicurus ,1
Karl_Marx ,Enver_Hoxha ,1
Syed_Ahmed_Khan ,"Louis_Mountbatten,_1st_Earl_Mountbatten_of_Burma ",1
Giordano_Bruno ,Gottfried_Leibniz ,1
Plato ,Gottfried_Leibniz ,1
Francisco_Su%C3%A1rez ,Gottfried_Leibniz ,1
Duns_Scotus ,Gottfried_Leibniz ,1
Nicholas_of_Cusa ,Gottfried_Leibniz ,1
Maimonides ,Gottfried_Leibniz ,1
Ren%C3%A9_Descartes ,Gottfried_Leibniz ,1
Baruch_Spinoza ,Gottfried_Leibniz ,1
Thomas_Hobbes ,Gottfried_Leibniz ,1
Nicolas_Malebranche ,Gottfried_Leibniz ,1
Anselm_of_Canterbury____1 ,Gottfried_Leibniz ,1
Baruch_Spinoza ,George_Eliot ,1
Maine_de_Biran ,Henri_Bergson ,1
William_James ,Henri_Bergson ,1
Herbert_Spencer ,Henri_Bergson ,1
Arthur_Schopenhauer ,Henri_Bergson ,1
Immanuel_Kant ,Henri_Bergson ,1
Plotinus ,Henri_Bergson ,1
Arthur_Schopenhauer ,Hermann_Hesse ,1
S%C3%B8ren_Kierkegaard ,Hermann_Hesse ,1
Epicurus ,Hadrian ,1
Georg_Wilhelm_Friedrich_Hegel ,Hans-Georg_Gadamer ,1
Plato ,Hans-Georg_Gadamer ,1
S%C3%B8ren_Kierkegaard ,Hans-Georg_Gadamer ,1
Karl_Jaspers ,Hans-Georg_Gadamer ,1
Wilhelm_Dilthey ,Hans-Georg_Gadamer ,1
Maimonides ,Isaac_Newton ,1
George_Berkeley ,Immanuel_Kant ,1
Edmund_Burke ,Immanuel_Kant ,1
Jean-Jacques_Rousseau ,Immanuel_Kant ,1
Hugo_Grotius ,Immanuel_Kant ,1
Nicholas_of_Cusa ,Immanuel_Kant ,1
Alexander_Gottlieb_Baumgarten ,Immanuel_Kant ,1
David_Hume ,Immanuel_Kant ,1
John_Locke ,Immanuel_Kant ,1
Ren%C3%A9_Descartes ,Immanuel_Kant ,1
Christian_Wolff_%28philosopher%29 ,Immanuel_Kant ,1
Johannes_Nikolaus_Tetens ,Immanuel_Kant ,1
Baruch_Spinoza ,Immanuel_Kant ,1
Epicurus ,Immanuel_Kant ,1
Gottfried_Leibniz ,Immanuel_Kant ,1
Emanuel_Swedenborg ,Immanuel_Kant ,1
John_Wycliffe ,Jan_Hus ,1
Arthur_Schopenhauer ,Joseph_Campbell ,1
Karl_Marx ,Josip_Broz_Tito ,1
Edmund_Husserl ,Kurt_G%C3%B6del ,1
Gottfried_Leibniz ,Kurt_G%C3%B6del ,1
Richard_McKeon ,Marshall_McLuhan ,1
Michael_Oakeshott ,Margaret_Thatcher ,1
Plato ,Niccol%C3%B2_Machiavelli ,1
Aristotle ,Ptolemy ,1
Plato ,Plutarch ,1
Posidonius ,Plutarch ,1
Iamblichus ,Proclus ,1
Plotinus ,Proclus ,1
Arthur_Schopenhauer ,Richard_Wagner ,1
Johann_Gottlieb_Fichte ,Rudolf_Steiner ,1
Franz_Brentano ,Rudolf_Steiner ,1
Peter_Deunov ,Rudolf_Steiner ,1
Karl_Robert_Eduard_von_Hartmann ,Rudolf_Steiner ,1
Max_Stirner ,Rudolf_Steiner ,1
Wilhelm_Dilthey ,Rudolf_Steiner ,1
Plato ,Ruhollah_Khomeini ,1
John_Stuart_Mill ,Robert_Nozick ,1
Murray_Rothbard ,Robert_Nozick ,1
Carl_Gustav_Hempel ,Robert_Nozick ,1
Immanuel_Kant ,Robert_Nozick ,1
Aristotle ,Science ,1
William_of_Ockham ,Science ,1
Friedrich_Nietzsche ,Sigmund_Freud ,1
Franz_Brentano ,Sigmund_Freud ,1
Josef_Breuer ,Sigmund_Freud ,1
Arthur_Schopenhauer ,Sigmund_Freud ,1
Karl_Robert_Eduard_von_Hartmann ,Sigmund_Freud ,1
Baruch_Spinoza ,Sigmund_Freud ,1
George_Berkeley ,Samuel_Beckett ,1
Maurice_Blanchot ,Samuel_Beckett ,1
Arthur_Schopenhauer ,Samuel_Beckett ,1
Friedrich_Wilhelm_Joseph_Schelling ,Samuel_Taylor_Coleridge ,1
Baruch_Spinoza ,Samuel_Taylor_Coleridge ,1
Thomas_Paine ,Thomas_Edison ,1
Plato ,Thomas_Hobbes ,1
Hugo_Grotius ,Thomas_Hobbes ,1
John_Selden ,Thomas_Hobbes ,1
Ren%C3%A9_Descartes ,Thomas_Hobbes ,1
Epicurus ,Thomas_Hobbes ,1
Niccol%C3%B2_Machiavelli ,Thomas_Hobbes ,1
Epicurus ,Thomas_Jefferson ,1
Thomas_Paine ,Thomas_Jefferson ,1
Jean-Jacques_Rousseau ,Thomas_Paine ,1
John_Locke ,Thomas_Paine ,1
Montesquieu ,Thomas_Paine ,1
Giordano_Bruno ,Umberto_Eco ,1
Antonio_Gramsci ,Umberto_Eco ,1
Michel_de_Montaigne ,William_Shakespeare ,1
Duns_Scotus ,William_of_Ockham ,1
Peter_Abelard ,William_of_Ockham ,1
David_Hume ,Willard_Van_Orman_Quine ,1
Alfred_North_Whitehead ,Willard_Van_Orman_Quine ,1
William_of_Ockham ,Willard_Van_Orman_Quine ,1
Rudolf_Carnap ,Willard_Van_Orman_Quine ,1
Clarence_Irving_Lewis ,Willard_Van_Orman_Quine ,1
Nelson_Goodman ,Willard_Van_Orman_Quine ,1
Georg_Wilhelm_Friedrich_Hegel ,Walt_Whitman ,1
David_Hartley_%28philosopher%29 ,William_Wordsworth ,1
Edmund_Burke ,William_Ewart_Gladstone ,1
Karl_Marx ,Tristan_Tzara ,1
Desiderius_Erasmus ,William_Tyndale ,1
Plotinus ,Hypatia ,1
David_Hume ,Alexander_Hamilton ,1
Emerich_de_Vattel ,Alexander_Hamilton ,1
Edmund_Husserl ,Edith_Stein ,1
Arthur_Schopenhauer ,Thomas_Hardy ,1
Friedrich_Heinrich_Jacobi ,Moses_Mendelssohn ,1
Max_Horkheimer ,Erich_Fromm ,1
Baruch_Spinoza ,Erich_Fromm ,1
David_Hume ,Jeremy_Bentham ,1
Protagoras ,Jeremy_Bentham ,1
Epicurus ,Jeremy_Bentham ,1
Francis_Hutcheson_%28philosopher%29 ,Jeremy_Bentham ,1
Joseph_Butler____1 ,Jeremy_Bentham ,1
Georg_Wilhelm_Friedrich_Hegel ,Friedrich_Engels ,1
Jean-Jacques_Rousseau ,Friedrich_Engels ,1
Max_Stirner ,Friedrich_Engels ,1
Ludwig_Feuerbach ,Friedrich_Engels ,1
Aristotle ,Averroes ,1
Simone_de_Beauvoir ,Adrienne_Rich ,1
William_Wollaston ,Samuel_Johnson ,1
Jean_Bodin ,Montesquieu ,1
S%C3%B8ren_Kierkegaard ,Walker_Percy ,1
Gottlob_Frege ,Rudolf_Carnap ,1
Edmund_Husserl ,Rudolf_Carnap ,1
Bertrand_Russell ,Rudolf_Carnap ,1
Thomas_Kuhn ,Paul_Feyerabend ,1
John_Stuart_Mill ,Paul_Feyerabend ,1
Imre_Lakatos ,Paul_Feyerabend ,1
Otto_Weininger ,Gertrude_Stein ,1
Jean-Paul_Sartre ,Simone_de_Beauvoir ,1
Karl_Marx ,Simone_de_Beauvoir ,1
S%C3%B8ren_Kierkegaard ,Simone_de_Beauvoir ,1
Pseudo-Dionysius_the_Areopagite ,Apophatic_theology ,1
Otto_Weininger ,Arnold_Schoenberg ,1
Zeno_of_Citium ,Seneca_the_Younger ,1
Posidonius ,Seneca_the_Younger ,1
Abu_Zayd_al-Balkhi ,Muhammad_ibn_Zakariya_al-Razi ,1
Plotinus ,Hierocles_of_Alexandria ,1
Friedrich_Nietzsche ,Allan_Bloom ,1
Leo_Strauss ,Allan_Bloom ,1
Simone_Weil ,Anne_Carson ,1
Peter_Kropotkin ,Errico_Malatesta ,1
Georg_Wilhelm_Friedrich_Hegel ,Frantz_Fanon ,1
Jean-Paul_Sartre ,Frantz_Fanon ,1
Plato ,Hannah_Arendt ,1
Edmund_Husserl ,Hannah_Arendt ,1
Edmund_Burke ,Hannah_Arendt ,1
Karl_Marx ,Hannah_Arendt ,1
Hans_Jonas ,Hannah_Arendt ,1
Immanuel_Kant ,Hannah_Arendt ,1
Montesquieu ,Hannah_Arendt ,1
Karl_Jaspers ,Hannah_Arendt ,1
Socrates ,Antisthenes ,1
Zeno_of_Elea ,Gorgias ,1
Empedocles ,Gorgias ,1
George_Santayana ,Wallace_Stevens ,1
Georg_Wilhelm_Friedrich_Hegel ,Max_Stirner ,1
Edmund_Burke ,Matthew_Arnold ,1
Hypatia ,Synesius ,1
Friedrich_Nietzsche ,Judith_Butler ,1
Georg_Wilhelm_Friedrich_Hegel ,Judith_Butler ,1
Antonio_Gramsci ,Judith_Butler ,1
Baruch_Spinoza ,Judith_Butler ,1
Simone_de_Beauvoir ,Judith_Butler ,1
J._L._Austin ,Judith_Butler ,1
Emanuel_Swedenborg ,George_Inness ,1
Hugo_Grotius ,Jean_Barbeyrac ,1
Peter_Abelard ,John_of_Salisbury ,1
Albert_Camus ,Thomas_Merton ,1
John_Grinder ,Milton_H._Erickson ,1
Plotinus ,Gemistus_Pletho ,1
Herbert_Spencer ,Thorstein_Veblen ,1
John_Dewey ,Thorstein_Veblen ,1
George_Gurdjieff ,Ren%C3%A9_Daumal ,1
Laozi ,Zhuangzi ,1
Terence_McKenna ,Ralph_Abraham ,1
Georg_Wilhelm_Friedrich_Hegel ,Slavoj_%C5%BDi%C5%BEek ,1
Friedrich_Wilhelm_Joseph_Schelling ,Slavoj_%C5%BDi%C5%BEek ,1
Jacques_Ranci%C3%A8re ,Slavoj_%C5%BDi%C5%BEek ,1
Alain_Badiou ,Slavoj_%C5%BDi%C5%BEek ,1
Ren%C3%A9_Descartes ,Slavoj_%C5%BDi%C5%BEek ,1
Fredric_Jameson ,Slavoj_%C5%BDi%C5%BEek ,1
Ernesto_Laclau ,Slavoj_%C5%BDi%C5%BEek ,1
Murray_Rothbard ,Ron_Paul ,1
Xenocrates ,Crantor ,1
Arthur_Schopenhauer ,Luitzen_Egbertus_Jan_Brouwer ,1
Ren%C3%A9_Descartes ,Nicolas_Malebranche ,1
Ferdinand_de_Saussure ,Roland_Barthes ,1
Pyrrho ,Aenesidemus ,1
Georg_Wilhelm_Friedrich_Hegel ,Ludwig_Feuerbach ,1
Pyrrho ,Sextus_Empiricus ,1
Carneades ,Sextus_Empiricus ,1
Aenesidemus ,Sextus_Empiricus ,1
Herbert_Spencer ,Charles_Darwin ,1
David_Hume ,Charles_Darwin ,1
Giordano_Bruno ,Galileo_Galilei ,1
Aristotle ,Galileo_Galilei ,1
Herbert_Blumer ,Erving_Goffman ,1
Georg_Wilhelm_Friedrich_Hegel ,Hermann_Lotze ,1
Aristotle ,Christian_philosophy ,1
Leo_Strauss ,Paul_Wolfowitz ,1
John_Rawls ,Thomas_Nagel ,1
Porphyry_%28philosopher%29 ,Boethius ,1
Plotinus ,Boethius ,1
Gottfried_Leibniz ,Pierre_Louis_Maupertuis ,1
Thomas_Paine ,Pierre_Victurnien_Vergniaud ,1
Confucius ,Mencius ,1
Arthur_Schopenhauer ,Otto_Weininger ,1
Immanuel_Kant ,Otto_Weininger ,1
Georg_Wilhelm_Friedrich_Hegel ,Thomas_Hill_Green ,1
Hermann_Lotze ,Thomas_Hill_Green ,1
Johann_Gottlieb_Fichte ,Novalis ,1
Baruch_Spinoza ,Novalis ,1
Murray_Rothbard ,Bryan_Caplan ,1
John_Selden ,William_Blackstone ,1
Edmund_Burke ,"John_Dalberg-Acton,_1st_Baron_Acton ",1
Friedrich_Nietzsche ,Walter_Benjamin ,1
Max_Horkheimer ,Walter_Benjamin ,1
Gy%C3%B6rgy_Luk%C3%A1cs ,Walter_Benjamin ,1
Carl_Schmitt ,Walter_Benjamin ,1
Georges_Sorel ,Walter_Benjamin ,1
Alexander_Herzen ,Frankfurt_School ,1
Karl_Marx ,Frankfurt_School ,1
Karl_Korsch ,Frankfurt_School ,1
Friedrich_Engels ,Frankfurt_School ,1
Gy%C3%B6rgy_Luk%C3%A1cs ,Frankfurt_School ,1
Murray_Rothbard ,Hans-Hermann_Hoppe ,1
Antisthenes ,Diogenes_of_Sinope ,1
Jacques_Ellul ,Ivan_Illich ,1
G._E._Moore ,J._L._Austin ,1
Gilbert_Ryle ,J._L._Austin ,1
Herbert_Spencer ,Anton_LaVey ,1
David_Hume ,J._L._Mackie ,1
John_Anderson_%28philosopher%29 ,J._L._Mackie ,1
Lev_Shestov ,Emil_Cioran ,1
Henri_Bergson ,Emil_Cioran ,1
Otto_Weininger ,Emil_Cioran ,1
Simone_de_Beauvoir ,Betty_Friedan ,1
Karl_Marx ,Antonio_Negri ,1
Baruch_Spinoza ,Antonio_Negri ,1
F%C3%A9lix_Guattari ,Antonio_Negri ,1
Friedrich_Engels ,Antonio_Negri ,1
Yahya_ibn_Ma%27in ,Muhammad_al-Bukhari ,1
Peter_Kropotkin ,Rudolf_Rocker ,1
Jacques_Ellul ,Langdon_Winner ,1
Peter_Geach ,Anthony_Kenny ,1
Herbert_McCabe ,Anthony_Kenny ,1
Georg_Wilhelm_Friedrich_Hegel ,Gy%C3%B6rgy_Luk%C3%A1cs ,1
Karl_Marx ,Gy%C3%B6rgy_Luk%C3%A1cs ,1
Georges_Sorel ,Gy%C3%B6rgy_Luk%C3%A1cs ,1
Emil_Lask ,Gy%C3%B6rgy_Luk%C3%A1cs ,1
Guy_Debord ,May_1968_in_France ,1
S%C3%B8ren_Kierkegaard ,Georg_Brandes ,1
Aristotle ,Nicolaus_Copernicus ,1
William_James ,Bill_W. ,1
Friedrich_Nietzsche ,Karl_Jaspers ,1
Georg_Wilhelm_Friedrich_Hegel ,Karl_Jaspers ,1
S%C3%B8ren_Kierkegaard ,Karl_Jaspers ,1
Immanuel_Kant ,Karl_Jaspers ,1
Wilhelm_Dilthey ,Karl_Jaspers ,1
Louis_Althusser ,"Anthony_Giddens,_Baron_Giddens ",1
Alfred_North_Whitehead ,George_Herbert_Mead ,1
Zhu_Xi ,Yi_Hwang ,1
Peter_Sloterdijk ,Bruno_Latour ,1
%C3%89tienne_Souriau ,Bruno_Latour ,1
Alfred_North_Whitehead ,Bruno_Latour ,1
Suzanne_Briet ,Bruno_Latour ,1
Noam_Chomsky ,Amy_Goodman ,1
Parmenides ,Socrates ,1
F._H._Bradley ,Michael_Oakeshott ,1
George_Gurdjieff ,Mosh%C3%A9_Feldenkrais ,1
Jun_Tsuji ,Noe_Ito ,1
Leo_Strauss ,Carl_Schmitt ,1
Joseph_de_Maistre ,Carl_Schmitt ,1
Georges_Sorel ,Carl_Schmitt ,1
Phillip_Blond ,David_Cameron ,1
Petr_Chel%C4%8Dick%C3%BD ,Baptist_Union_in_the_Czech_Republic ,1
Antonio_Gramsci ,Alex_Callinicos ,1
Chris_Harman ,Alex_Callinicos ,1
Josiah_Royce ,Clarence_Irving_Lewis ,1
Giovanni_Gentile ,Clarence_Irving_Lewis ,1
Arthur_Schopenhauer ,Johannes_Itten ,1
Friedrich_Nietzsche ,Grigol_Robakidze ,1
Gaetano_Mosca ,C._Wright_Mills ,1
Georg_Wilhelm_Friedrich_Hegel ,F._H._Bradley ,1
Christoph_von_Sigwart ,F._H._Bradley ,1
African_Spir ,Hans_Vaihinger ,1
Arthur_Schopenhauer ,Hans_Vaihinger ,1
Karl_Robert_Eduard_von_Hartmann ,Hans_Vaihinger ,1
Zechariah_Chafee ,"Oliver_Wendell_Holmes,_Jr. ",1
Theophrastus ,Peripatetic_school ,1
Friedrich_Albert_Lange ,Hermann_Cohen ,1
Hugo_Grotius ,Richard_Cumberland_%28philosopher%29 ,1
John_Selden ,Richard_Cumberland_%28philosopher%29 ,1
Alejandro_Korn ,Juan_Jos%C3%A9_Ar%C3%A9valo ,1
Josiah_Royce ,Timothy_Sprigge ,1
Giovanni_Gentile ,Timothy_Sprigge ,1
Ren%C3%A9_Gu%C3%A9non ,Frithjof_Schuon ,1
Georg_Wilhelm_Friedrich_Hegel ,Hans_K%C3%BCng ,1
Stefan_Molyneux ,Free_Talk_Live ,1
Murray_Rothbard ,Walter_Block ,1
Petr_Chel%C4%8Dick%C3%BD ,Moravian_Church ,1
Josiah_Royce ,Edward_Vermilye_Huntington ,1
Peter_Geach ,G._E._M._Anscombe ,1
Rudolf_Steiner ,Owen_Barfield ,1
Theophrastus ,Strato_of_Lampsacus ,1
Judith_Butler ,Eve_Kosofsky_Sedgwick ,1
Georg_Wilhelm_Friedrich_Hegel ,Wilhelm_Dilthey ,1
John_Stuart_Mill ,Wilhelm_Dilthey ,1
Pseudo-Dionysius_the_Areopagite ,Christian_mysticism ,1
Aristippus ,Arete_of_Cyrene ,1
Norman_Geisler ,Ravi_Zacharias ,1
Ferdinand_de_Saussure ,Ernesto_Laclau ,1
Antonio_Gramsci ,Ernesto_Laclau ,1
Jacques_Ranci%C3%A8re ,Ernesto_Laclau ,1
Murray_Rothbard ,Scott_Horton_%28radio_host%29 ,1
Noam_Chomsky ,Morris_Halle ,1
Antonio_Gramsci ,Chantal_Mouffe ,1
Lev_Shestov ,John_Middleton_Murry ,1
Donald_Davidson_%28philosopher%29 ,Gareth_Evans_%28philosopher%29 ,1
Michael_Dummett ,Gareth_Evans_%28philosopher%29 ,1
Pierre-Joseph_Proudhon ,Georges_Sorel ,1
Henri_Bergson ,Georges_Sorel ,1
Max_Stirner ,John_Henry_Mackay ,1
Antonio_Gramsci ,Alain_de_Benoist ,1
Thomas_Paine ,Jyotirao_Phule ,1
Vladimir_Solovyov_%28philosopher%29 ,Alexander_Blok ,1
Murray_Rothbard ,Samuel_Edward_Konkin_III ,1
Gy%C3%B6rgy_Luk%C3%A1cs ,Praxis_School ,1
Jean-Jacques_Rousseau ,Mustafa_Kemal_Atat%C3%BCrk ,1
Wilfrid_Sellars ,Bas_van_Fraassen ,1
J._L._Austin ,Stanley_Cavell ,1
Nelson_Goodman ,Stanley_Cavell ,1
Terence_McKenna ,R._U._Sirius ,1
Peter_Kropotkin ,Zabalaza_Anarchist_Communist_Front ,1
Richard_Swinburne ,Antony_Flew ,1
Hannah_Arendt ,Quentin_Skinner ,1
Gy%C3%B6rgy_Luk%C3%A1cs ,Karl_Polanyi ,1
Georg_Wilhelm_Friedrich_Hegel ,Giovanni_Gentile ,1
Benedetto_Croce ,Giovanni_Gentile ,1
Immanuel_Kant ,Giovanni_Gentile ,1
Vladimir_Solovyov_%28philosopher%29 ,Andrei_Bely ,1
Rudolf_Steiner ,Andrei_Bely ,1
Edmund_Husserl ,Max_Scheler ,1
Wilhelm_Dilthey ,Max_Scheler ,1
Joseph_de_Maistre ,Antonio_Rosmini-Serbati ,1
Max_Stirner ,Adolf_Brand ,1
Alejandro_Korn ,Francisco_Romero_%28philosopher%29 ,1
Jean-Jacques_Rousseau ,Maximilien_Robespierre ,1
Joseph_Raz ,Julie_Dickson ,1
Alasdair_MacIntyre ,Alister_McGrath ,1
William_Wollaston ,John_Clarke_%28Dean_of_Salisbury%29 ,1
Henri_Bourassa ,Ernest_Lapointe ,1
Cornelius_Van_Til ,Rousas_John_Rushdoony ,1
Friedrich_Nietzsche ,Elizabeth_Grosz ,1
Kenneth_Waltz ,Robert_Jervis ,1
Leo_Strauss ,William_Galston ,1
Fernando_Gonz%C3%A1lez_%28writer%29 ,Gonzalo_Arango ,1
Friedrich_Adolf_Trendelenburg ,Dilthey ,1
Georges_Sorel ,Curzio_Malaparte ,1
Pythagoras ,Hippasus ,1
Ronald_Dworkin ,Jeremy_Waldron ,1
H._L._A._Hart ,Jeremy_Waldron ,1
Kazi_Nazrul_Islam ,Music_of_Bengal ,1
Plotinus ,Traditionalist_School ,1
Noam_Chomsky ,Marc_Hauser ,1
William_James ,Ferdinand_Canning_Scott_Schiller ,1
Protagoras ,Ferdinand_Canning_Scott_Schiller ,1
Richard_McKeon ,Ezra_Koenig ,1
Max_Stirner ,Enrico_Arrigoni ,1
Arthur_Schopenhauer ,Gilbert_Ryle ,1
Michael_Walzer ,Amy_Gutmann ,1
Murray_Rothbard ,Thomas_DiLorenzo ,1
Maurice_Blanchot ,Sarah_Kofman ,1
Ludwig_Feuerbach ,Joseph_Dietzgen ,1
Otto_Weininger ,Thomas_Bernhard ,1
William_James ,C._West_Churchman ,1
Jiva_Goswami ,Gaudiya_Vaishnavism ,1
Henry_Corbin ,Dariush_Shayegan ,1
Muhammad_Husayn_Tabatabaei ,Dariush_Shayegan ,1
Kitaro_Nishida ,Hiroshi_Shimizu ,1
S%C3%B8ren_Kierkegaard ,Ludwig_Binswanger ,1
Martin_Buber ,Ludwig_Binswanger ,1
Arthur_Prior ,Kit_Fine ,1
Judith_Butler ,Judith_Halberstam ,1
Shibli_Nomani ,Syed_Sulaiman_Nadvi ,1
Rudolf_Carnap ,Nelson_Goodman ,1
Clarence_Irving_Lewis ,Nelson_Goodman ,1
John_Anderson_%28philosopher%29 ,Eugene_Kamenka ,1
Cornelius_Van_Til ,Douglas_Wilson_%28theologian%29 ,1
Gottlob_Frege ,Gershom_Scholem ,1
Martin_Buber ,Gershom_Scholem ,1
Al-Kindi ,Abu_Ma%27shar_al-Balkhi ,1
Said_Nurs%C3%AE ,Fethullah_G%C3%BClen ,1
Albert_Camus ,Mohsin_Hamid ,1
Emil_Lask ,Eugen_Herrigel ,1
Herbert_Marcuse ,Norman_O._Brown ,1
Georg_Wilhelm_Friedrich_Hegel ,David_Strauss ,1
R._Radhakrishnan ,Partha_Chatterjee ,1
Edward_Said ,Partha_Chatterjee ,1
Jakob_Schegk ,Nicolaus_Taurellus ,1
Zhou_Dunyi ,Cheng_Yi ,1
Panaetius ,Hecato_of_Rhodes ,1
Herbert_McCabe ,Brian_Davies_%28philosopher%29 ,1
Wilfrid_Sellars ,Paul_Churchland ,1
Kitaro_Nishida ,Tetsuro_Watsuji ,1
Moritz_Schlick ,Herbert_Feigl ,1
Ahmad_Sirhindi ,Mirza_Mazhar_Jan-e-Janaan ,1
Murray_Rothbard ,Thomas_Woods ,1
Noam_Chomsky ,Gilbert_Harman ,1
Marshall_McLuhan ,Camille_Paglia ,1
Simone_de_Beauvoir ,Camille_Paglia ,1
Arthur_Danto ,George_Dickie ,1
Muhsin_al-Hakim ,Grand_Ayatollah_Muhammad_Hussain_Najafi ,1
Edmund_Husserl ,Dietrich_von_Hildebrand ,1
Pierre-Joseph_Proudhon ,Joseph_D%C3%A9jacque ,1
Kitaro_Nishida ,Hajime_Tanabe ,1
Edward_Said ,Rashid_Khalidi ,1
Alain_Badiou ,Oliver_Feltham ,1
Johann_Gottlieb_Fichte ,Dieter_Henrich ,1
Richard_McKeon ,Eugene_Gendlin ,1
Christian_von_Ehrenfels ,Felix_Weltsch ,1
Edmund_Husserl ,Ludwig_Landgrebe ,1
Alexius_Meinong ,Ernst_Mally ,1
Nelson_Goodman ,Israel_Scheffler ,1
Antonio_Gramsci ,Giovanni_Arrighi ,1
Saul_Kripke ,Paul_Boghossian ,1
P._F._Strawson ,Arda_Denkel ,1
Giordano_Bruno ,Hans_Blumenberg ,1
Edmund_Husserl ,Hans_Blumenberg ,1
Mirza_Mazhar_Jan-e-Janaan ,Shah_Ghulam_Ali_Dehlavi ,1
Arcesilaus ,Clitomachus_%28philosopher%29 ,1
Carneades ,Clitomachus_%28philosopher%29 ,1
Nikolai_Berdyaev ,Davor_D%C5%BEalto ,1
Gaetano_Mosca ,Seymour_Martin_Lipset ,1
Ren%C3%A9_Gu%C3%A9non ,Titus_Burckhardt ,1
Joseph_Butler____1 ,John_Warwick_Montgomery ,1
Pierre-Joseph_Proudhon ,Kevin_Carson ,1
Ivan_Illich ,Kevin_Carson ,1
Jakob_B%C3%B6hme ,Louis_Claude_de_Saint-Martin ,1
John_Zerzan ,Andy_Hurley ,1
Fernando_Gonz%C3%A1lez_%28writer%29 ,Estanislao_Zuleta ,1
Antonio_Gramsci ,Robert_W._Cox ,1
Muhammad_Iqbal ,Israr_Ahmed ,1
Amin_Ahsan_Islahi ,Israr_Ahmed ,1
Shah_Waliullah ,Israr_Ahmed ,1
Abul_Ala_Maududi ,Israr_Ahmed ,1
Qamaruzzaman_Azmi ,Iftikhar_Arif ,1
Joseph_de_Maistre ,Juan_Donoso_Cort%C3%A9s ,1
Leo_Strauss ,Thomas_Pangle ,1
Allan_Bloom ,Thomas_Pangle ,1
Muhammad_Husayn_Tabatabaei ,Muhammad_al-Tijani ,1
Muhammad_Iqbal ,Abul_Ala_Maududi ,1
Herbert_Marcuse ,Gad_Horowitz ,1
David_Hume ,Kenneth_Binmore ,1
Jean-Paul_Sartre ,Nanavira_Thera ,1
Philippa_Foot ,Candace_Vogler ,1
Averroes ,Boetius_of_Dacia ,1
Rudolf_Steiner ,Richard_Tarnas ,1
Edward_Said ,Derek_Gregory ,1
Ivan_Illich ,Everett_Reimer ,1
Alexis_de_Tocqueville ,Emmanuel_Todd ,1
Antonio_Gramsci ,Domenico_Losurdo ,1
Franz_Brentano ,Ludwig_von_Mises ,1
Frank_Fetter ,Ludwig_von_Mises ,1
Ernest_Gellner ,Anthony_D._Smith ,1
Herbert_Spencer ,Nikolay_Mikhaylovsky ,1
Alain_Badiou ,Justin_Clemens ,1
Harry_Frankfurt ,J._David_Velleman ,1
Murray_Rothbard ,Carlo_Lottieri ,1
Mirza_Mazhar_Jan-e-Janaan ,Qadi_Thanaullah_Panipati ,1
Immanuel_Kant ,Hans_Christian_%C3%98rsted ,1
Laz%C4%83r_%C5%9E%C4%83ineanu ,Iorgu_Iordan ,1
Leonard_Peikoff ,Allan_Gotthelf ,1
Leo_Strauss ,Clifford_Orwin ,1
Vladimir_Solovyov_%28philosopher%29 ,Semyon_Frank ,1
Johannes_Scotus_Eriugena ,School_of_Chartres ,1
George_Grant_%28philosopher%29 ,Ron_Dart ,1
Joseph_Butler____1 ,David_Seabury ,1
Baruch_Spinoza ,Arne_N%C3%A6ss ,1
Necip_Faz%C4%B1l_K%C4%B1sak%C3%BCrek ,Salih_Mirzabeyoglu ,1
Noam_Chomsky ,Ray_C._Dougherty ,1
A._D._Gordon ,Eliezer_Schweid ,1
Jacques_Ranci%C3%A8re ,Todd_May ,1
Edmund_Husserl ,Millan_Puelles ,1
Franz_Brentano ,Millan_Puelles ,1
Bol%C3%ADvar_Echeverr%C3%ADa ,Enrique_Dussel ,1
Alain_Badiou ,Peter_Hallward ,1
Confucius ,Xuanxue ,1
Yamazaki_Ansai ,Hoshina_Masayuki ,1
Ka%27ab_al-Ahbar ,%27Abd_Allah_ibn_%27Amr_ibn_al-%27As ,1
Ferdinand_Canning_Scott_Schiller ,Larry_Laudan ,1
Alexius_Meinong ,Terence_Parsons ,1
Jules_Vuillemin ,Jacques_Bouveresse ,1
John_Stuart_Mill ,Zechariah_Chafee ,1
Theognostus_of_Alexandria ,Catechetical_School_of_Alexandria ,1
Norman_Malcolm ,Oets_Kolk_Bouwsma ,1
Aristippus ,Theodorus_the_Atheist ,1
Alfred_North_Whitehead ,Philip_Clayton_%28theologian%29 ,1
Kendall_Walton ,Stephen_Yablo ,1
Ernest_Gellner ,John_A._Hall ,1
Alain_Badiou ,Bruno_Bosteels ,1
Edward_Said ,Mahmood_Mamdani ,1
Antonio_Gramsci ,N%C3%A9stor_Garc%C3%ADa_Canclini ,1
Confucius ,Robert_Cummings_Neville ,1
Max_Stirner ,Biofilo_Panclasta ,1
Plato ,Western_philosophy ,1
Aristotle ,Western_philosophy ,1
Emerich_de_Vattel ,Western_philosophy ,1
Immanuel_Kant ,Western_philosophy ,1
Socrates ,Western_philosophy ,1
Alain_Badiou ,Alberto_Toscano ,1
Noam_Chomsky ,Niall_McLaren ,1
David_Chalmers ,Niall_McLaren ,1
Berit_Brogaard ,Niall_McLaren ,1
Stilpo ,Nicarete_of_Megara ,1
Fran%C3%A7ois_Laruelle ,Gilles_Grelet ,1
Jacob_Taubes ,Norbert_Bolz ,1
Abdul_Ghaffar_Naqshbandi ,Allah_Bakhsh ,1
Fazal_Ali_Qureshi ,Allah_Bakhsh ,1
Ch%27ien_Mu ,Yu_Ying-shih ,1
Abul_Ala_Maududi ,Syed_Munawar_Hasan ,1
Leo_Strauss ,Mark_Lilla ,1
Ren%C3%A9_Gu%C3%A9non ,Marco_Pallis ,1
Clarence_Irving_Lewis ,William_Frankena ,1
Qamaruzzaman_Azmi ,Hamid_Saeed_Kazmi ,1
George_Gurdjieff ,Jane_Heap ,1
Leo_Strauss ,Abram_Shulsky ,1
Walter_of_Bruges ,Matthew_of_Aquasparta ,1
Akhtar_Raza_Khan ,Kanthapuram_A._P._Aboobacker_Musalyar ,1
Ren%C3%A9_Descartes ,Dirck_Rembrantsz_van_Nierop ,1
Epictetus ,Han_Ryner ,1
Epicurus ,Han_Ryner ,1
Noam_Chomsky ,Julian_C._Boyd ,1
Alfred_North_Whitehead ,Wolfgang_Smith ,1
Ernest_Gellner ,Ian_Jarvie ,1
Edmund_Husserl ,Eugen_Fink ,1
Akhtar_Raza_Khan ,Arshadul_Qaudri ,1
Gianni_Vattimo ,Gavin_Hyman ,1
Zhou_Dunyi ,Cheng_Hao ,1
Plotinus ,Neoplatonism_and_Christianity ,1
Haji_Dost_Muhammad_Qandhari ,Muhammad_Usman_Damani ,1
Zhu_Xi ,Ch%27ien_Mu ,1
Euclid_of_Megara ,Thrasymachus_of_Corinth ,1
William_James ,Ola_Raknes ,1
Murray_Rothbard ,Stefan_Molyneux ,1
Renzo_Novatore ,Bruno_Filippi ,1
Abul_Ala_Maududi ,Sayyid_Qutb ,1
Alain_Badiou ,Nina_Power ,1
John_Anderson_%28philosopher%29 ,A._J._Baker_%28philosopher%29 ,1
Edward_Said ,Nigel_Gibson ,1
George_Boole ,Victor_Shestakov ,1
Georges_Sorel ,Fran%C3%A7ois_Perroux ,1
Leo_Strauss ,Steven_B._Smith_%28professor%29 ,1
Haji_Dost_Muhammad_Qandhari ,Jan-Fishan_Khan ,1
William_James ,B._Alan_Wallace ,1
Xavier_Zubiri ,Graham_Harman ,1
Judith_Butler ,Michael_Warner ,1
Alain_Badiou ,Jason_Barker ,1
Abul_Ala_Maududi ,Jalaluddin_Umri ,1
Posidonius ,Jason_of_Nysa ,1
Maurice_Merleau-Ponty ,David_Abram ,1
Arthur_Danto ,No%C3%ABl_Carroll ,1
Wilfrid_Sellars ,Ray_Brassier ,1
Alain_Badiou ,Ray_Brassier ,1
Fran%C3%A7ois_Laruelle ,Ray_Brassier ,1
Nick_Land ,Ray_Brassier ,1
Muhammad_Usman_Damani ,Muhammad_Sirajuddin_Naqshbandi ,1
%C3%89mile_Armand ,La_Revista_Blanca ,1
Han_Ryner ,La_Revista_Blanca ,1
Muhammad_Usman_Damani ,Fazal_Ali_Qureshi ,1
Muhammad_Sirajuddin_Naqshbandi ,Fazal_Ali_Qureshi ,1
Sayyad_Laal_Shah_Hamdani ,Fazal_Ali_Qureshi ,1
Eric_Voegelin ,Charles_R._Embry ,1
Gianni_Vattimo ,Mario_Kopi%C4%87 ,1
Georges_Palante ,Jean_Grenier ,1
Hamid_Raza_Khan ,Akhtar_Raza_Khan ,1
Qamaruzzaman_Azmi ,Musharraf_Hussain ,1
Cleanthes ,Sphaerus ,1
Lon_L._Fuller ,Ian_Roderick_Macneil ,1
George_Gurdjieff ,Olgivanna_Lloyd_Wright ,1
Euclid_of_Megara ,Ichthyas ,1
Antonio_Gramsci ,Edward_Said ,1
Noam_Chomsky ,Edward_Said ,1
Plato ,Stoicism ,1
Chrysippus ,Stoicism ,1
Antisthenes ,Stoicism ,1
Diogenes_of_Sinope ,Stoicism ,1
Muhammad_Tahir ,Allama_Muhammad_Idrees_Dahiri ,1
Gottlob_Frege ,Ian_Rumfitt ,1
Aristotle ,List_of_writers_influenced_by_Aristotle ,1
Max_Stirner ,Miguel_Gim%C3%A9nez_Igualada ,1
Hubert_Dreyfus ,Alva_No%C3%AB ,1
Evan_Thompson ,Alva_No%C3%AB ,1
J._L._Mackie ,Richard_Joyce_%28philosopher%29 ,1
Giovanni_Gentile ,Ugo_Spirito ,1
Marshall_McLuhan ,Douglas_Rushkoff ,1
John_Zerzan ,Kevin_Tucker ,1
Frank_P._Ramsey ,Iv%C3%A1n_Werning ,1
Hubert_Dreyfus ,Mark_Wrathall ,1
Mark_Bevir ,R._A._W._Rhodes ,1
Peter_Singer ,Roger_Crisp ,1
F%C3%A9lix_Guattari ,%C3%89ric_Alliez ,1
Murray_Rothbard ,Anarcho-capitalist_symbolism%23Libertatis_.C3.86quilibritas ,1
Cornelius_Van_Til ,"Richard_L._Pratt,_Jr. ",1
Muhammad_Usman_Damani ,Sayyad_Laal_Shah_Hamdani ,1
Apollonius_of_Tyana ,Philostratus%23Philostratus_II ,1
John_Grinder ,Kevin_Hogan ,1
Donald_Davidson_%28philosopher%29 ,Kirk_Ludwig ,1
Rudolf_Carnap ,Lee_Tien_Ming ,1
Hannah_Arendt ,Reinhart_Koselleck ,1
Ernest_Gellner ,Michael_Lessnoff ,1
J._L._Mackie ,Colin_MacLeod_%28philosopher%29 ,1
Arthur_Prior ,Patrick_Blackburn ,1
Jacques_Ranci%C3%A8re ,Bernard_Aspe ,1
Eric_Voegelin ,Mendo_Castro_Henriques ,1
R._M._Hare ,Thomas_Hurka ,1
H._L._A._Hart ,W.J._Waluchow ,1
Clarence_Irving_Lewis ,Roderick_Firth ,1
Eric_Voegelin ,Gerhard_Niemeyer ,1
Al-Kindi ,Ahmad_ibn_al-Tayyib_al-Sarakhsi ,1
Arthur_Prior ,Robert_Bull ,1
Zhuangzi ,Eastern_philosophy%23East_Asian_philosophies ,1
John_D._Caputo ,Merold_Westphal ,1
Georges_Sorel ,Jules_Monnerot ,1
Kitaro_Nishida ,Kimura_Bin ,1
Sidney_Hook ,Paul_Kurz ,1
African_Spir ,Piero_Martinetti ,1
Frank_Fetter ,Jeffrey_Herbener ,1
H%C3%A9ctor-Neri_Casta%C3%B1eda ,Jerome_Gellman ,1
Alejandro_Korn ,Luis_Aznar ,1
Alejandro_Korn ,Risieri_Frondizi ,1
Gila_Sher ,Richard_Tieszen ,1
Muhammad_ibn_Abd_al-Wahhab ,Ismael_Delhwi ,1
Stanley_Cavell ,Ted_Cohen ,1
Paul_Watzlawick ,Cognitive_behaviour_training ,1
Muhammad_Husayn_Tabatabaei ,Hasan_Hasanzade_Amoli ,1
Shibli_Nomani ,Sajjad_Ahmad_Yeldram ,1
Giovanni_Gentile ,Guido_Calogero ,1
Kitaro_Nishida ,Nakamura_Yujiro ,1
Kitaro_Nishida ,Morita_Shiryu ,1
Yamazaki_Ansai ,Sat%C5%8D_Naokata ,1
Ebrahim_Desai ,Husain_Kadodia ,1
Muhammad_Husayn_Tabatabaei ,Muhammad_Mofatteh ,1
Milan_Komar ,Zorko_Sim%C4%8Di%C4%8D ,1
Peter_Sloterdijk ,Marc_Jongen ,1
Peter_Sloterdijk ,Henk_Oosterling ,1
Tetsuro_Watsuji ,Yuasa_Yasuo ,1
Abu_Zayd_al-Balkhi ,Al-Istakhri ,1
Yamazaki_Ansai ,Asami_Keisai ,1
Gianni_Vattimo ,V%C3%ADctor_Samuel_Rivera ,1
Paul_Thagard ,Chris_Eliasmith ,1
Juan_V%C3%A1zquez_de_Mella ,Victor_Pradera ,1
Julius_Thomas_Fraser ,Rovelli ,1
Alejandro_Korn ,%C3%81ngel_Vasallo ,1
Ren%C3%A9_Gu%C3%A9non ,Ren%C3%A9_Gu%C3%A9non%23See_also ,1
Stanley_Cavell ,William_Rothman ,1
Gerald_Cohen ,Alan_Patten ,1
Ibn_Qudamah ,Ibn_Khaleel ,1
Paul_Watzlawick ,Constructivist_epistemology%23Constructivist_trends ,1
Muhammad_Husayn_Tabatabaei ,Jalaleddin_Ashtiani ,1
Milan_Komar ,Augusto_del_Noce ,1
Ma%27bad_al-Juhani ,Ghaylan_ibn_Muslim ,1
T._K._Seung ,Jesper_Hede ,1
Muhammad_Tahir ,Syed_Ismaeel_Shah ,1
Hans_Kamp ,Nicholas_Asher ,1
T._K._Seung ,Kyle_E._Mask ,1
Akhtar_Raza_Khan ,Maulana_Asjad_Raza_Khan ,1
Turab-ul-Haq_Qadri ,Syed_Shah_Abdul_Haq_Qadri ,1
Muhammad_Ilyas_Qadri ,Muhammad_Imran_Attari ,1
Stefan_Molyneux ,Brett_Veinotte ,1
Nick_Land ,Reza_Negarestani ,1
Hamid_Raza_Khan ,Maulana_Ibrahim_Raza_Khan ,1
Miura_Baien ,Hoashi_Banri ,1
Peter_G._Ossorio ,"Bergner,_Ray ",1
Peter_G._Ossorio ,Keith_E._Davis ,1
R._Radhakrishnan ,Abdul_R._JanMohamed ,1
R._Radhakrishnan ,Xu_Ben ,1
Jakob_Schegk ,Protestant_Scholasticism ,1
Muhammad_Ilyas_Qadri ,Muhammad_Akmal_Qadri ,1
Peter_G._Ossorio ,Mary_McDermott_Shideler ,1
Bol%C3%ADvar_Echeverr%C3%ADa ,Stefan_Gandler ,1
